review_id,relative_path,folder_label,restored,sha256,pixel_sha256,width,height,review_sheet,visual_screened,label_status,confirmed_diagnosis,reviewer_note,draft_status,conflict_group
K001,APPLE ROT LEAVES/1036.JPG.jpeg,APPLE ROT LEAVES,False,99a7b8528ae767a53fd2fb2acfaf2261382944e4f6752c47946441599564e9cc,e9d6052ef96c6d7675d83f250c968302bad733d3b56ed9ea424e46a5679a961d,419,848,apple_rot_leaves_01.jpg,True,folder_derived_unverified,,Thumbnail screening; no pathogen diagnosis or absence-of-disease confirmation.,exclude_conflicting_folder_labels,G01
K002,APPLE ROT LEAVES/1062.jpg.jpeg,APPLE ROT LEAVES,False,d48733a369bb58129cfa87648784c488af8bd0596a89d86e8e65688b5552dc31,0b356ba02df480287758e792d30ac2cb5557c51c8ec877b5053a592b306de66e,421,718,apple_rot_leaves_01.jpg,True,folder_derived_unverified,,Thumbnail screening; no pathogen diagnosis or absence-of-disease confirmation.,exclude_conflicting_folder_labels,G02
K003,APPLE ROT LEAVES/1070.jpg.jpeg,APPLE ROT LEAVES,False,1ac1cab8a5e7c78bb58310c5234a5ca4f6e4835fbd6b29cb91f139747f540e23,130fbb50db2c3e3b99713f68bac3c5dcd3470e6e946c46e482d629dc48c30428,430,974,apple_rot_leaves_01.jpg,True,folder_derived_unverified,,Thumbnail screening; no pathogen diagnosis or absence-of-disease confirmation.,exclude_conflicting_folder_labels,G03
K004,APPLE ROT LEAVES/1079.jpg.jpeg,APPLE ROT LEAVES,False,00bd114e72a4f091c996ccf73b0ded4272413cfcd5622f47315b842b8111eca9,1acba84075a5bf97c6a1a408368f0e2c4e146cbcdba658625df46fdba955c274,290,578,apple_rot_leaves_01.jpg,True,folder_derived_unverified,,Thumbnail screening; no pathogen diagnosis or absence-of-disease confirmation.,candidate_pending_label_verification,
K005,APPLE ROT LEAVES/1080.jpg.jpeg,APPLE ROT LEAVES,False,04e602a7e696f68210a9ddcca1d0c0d9a084f92cde009b03185514d34e880c9b,be87d4b28825225912c9c434f90a8239aceb4b3fcb80d57657e175bcb7a0c15e,375,690,apple_rot_leaves_01.jpg,True,folder_derived_unverified,,Thumbnail screening; no pathogen diagnosis or absence-of-disease confirmation.,candidate_pending_label_verification,
K006,APPLE ROT LEAVES/1082.jpg.jpeg,APPLE ROT LEAVES,False,9dde43a47001485cb9fa9bb59d7130c14f698554cbc0b320875530026b55076d,3db50da81cd9f67a36492f8f74d4b1a1a082d25642e3bd69517dc57ebbf5bea1,383,651,apple_rot_leaves_01.jpg,True,folder_derived_unverified,,Thumbnail screening; no pathogen diagnosis or absence-of-disease confirmation.,candidate_pending_label_verification,
K007,APPLE ROT LEAVES/1084.jpg.jpeg,APPLE ROT LEAVES,False,40c436e80ad2714fb5c4e9e4b9178d0072d1aba864ec3fe1d18f95f0bb0f7e63,03facdcd8d3475513edda6e41f2b4ff99d2fd1040499bc8bedb30f745d4a9eb6,267,642,apple_rot_leaves_01.jpg,True,folder_derived_unverified,,Thumbnail screening; no pathogen diagnosis or absence-of-disease confirmation.,candidate_pending_label_verification,
K008,APPLE ROT LEAVES/1086.jpg.jpeg,APPLE ROT LEAVES,False,bbbfb532e65ffffc093b66539c0584de70af54125670fe73a481cfb5f6327a76,816f0fca6635bc424c5b7c806db2692d4a35e0aa3211d31837a7ad2b323cabe9,378,701,apple_rot_leaves_01.jpg,True,folder_derived_unverified,,Thumbnail screening; no pathogen diagnosis or absence-of-disease confirmation.,candidate_pending_label_verification,
K009,APPLE ROT LEAVES/1092.jpg.jpeg,APPLE ROT LEAVES,False,b98135f8163727c226e02271864f6d1924cc2af0b596e9d2417135f9f92c5af7,bffa2cae079f73972c76435e12bd338a6d3d68d537a979f34ba422860df35ad4,267,551,apple_rot_leaves_01.jpg,True,folder_derived_unverified,,Thumbnail screening; no pathogen diagnosis or absence-of-disease confirmation.,candidate_pending_label_verification,
K010,APPLE ROT LEAVES/1094.jpg.jpeg,APPLE ROT LEAVES,False,95e43cf995b12bae0146f73a6ebf862747f5bb7de9e0cf9728755b0a2688c3a5,fc6866cec1c62b435f84ec274c490c5c8c0ac6868acff3c3aec05ae53bc39f3e,310,579,apple_rot_leaves_01.jpg,True,folder_derived_unverified,,Thumbnail screening; no pathogen diagnosis or absence-of-disease confirmation.,candidate_pending_label_verification,
K011,APPLE ROT LEAVES/1095.jpg.jpeg,APPLE ROT LEAVES,False,9f6b52465205146518cc6259ee88f4dd8850d3b82310842072b2fa6910365e08,8ee75487e8406ee927e5d106930acc9e1daa829fdbd939af42f6a3245805d781,283,531,apple_rot_leaves_01.jpg,True,folder_derived_unverified,,Thumbnail screening; no pathogen diagnosis or absence-of-disease confirmation.,candidate_pending_label_verification,
K012,APPLE ROT LEAVES/1096.jpg.jpeg,APPLE ROT LEAVES,False,0003a4de69d4556c917192eacd82ee3621126637db9ff09ed717d27bd811256d,da8e183063e2d21600a044261d2978b6084f670c9bac1ba60c24dc9be25513da,379,684,apple_rot_leaves_01.jpg,True,folder_derived_unverified,,Thumbnail screening; no pathogen diagnosis or absence-of-disease confirmation.,candidate_pending_label_verification,
K013,APPLE ROT LEAVES/1098.jpg.jpeg,APPLE ROT LEAVES,False,32c4ba87663ab75a81d80e26e1c2d2b48fe1ac97e74b602ace6c810ec50c2c08,4574f994a54021235bf1e507e69768fbce097d178dd6c504e35e63fbea51f515,374,650,apple_rot_leaves_01.jpg,True,folder_derived_unverified,,Thumbnail screening; no pathogen diagnosis or absence-of-disease confirmation.,candidate_pending_label_verification,
K014,APPLE ROT LEAVES/2000.jpg.jpeg,APPLE ROT LEAVES,False,f13e66ff7d4ce706cf631d0fbb1d90faff8da1d9be30771c5840106c67530674,d517ae38e7311d45eaefe45d6c9850dc57e214121e16c397ee3e00fac7344fc0,273,654,apple_rot_leaves_01.jpg,True,folder_derived_unverified,,Thumbnail screening; no pathogen diagnosis or absence-of-disease confirmation.,candidate_pending_label_verification,
K015,APPLE ROT LEAVES/2005.jpg.jpeg,APPLE ROT LEAVES,False,ca086a70602e5538e8f1ed6e9f03becd90015499993d7b7e34725c380e9da7ca,05b1a54817e98b9416a989df4d9cb2d6336ea885ca43d18dcdb968ff0840ab12,380,681,apple_rot_leaves_01.jpg,True,folder_derived_unverified,,Thumbnail screening; no pathogen diagnosis or absence-of-disease confirmation.,candidate_pending_label_verification,
K016,APPLE ROT LEAVES/2006.jpg.jpeg,APPLE ROT LEAVES,False,5b5c97f9cea311da8f88092a5f01c4b47dbdab87a1225c7a9d1daf9af1a7fd46,5cf7b1363bbfb962d43acfdb5c8adf3ed4f152af6f999e8b761d669cd1263d66,368,666,apple_rot_leaves_01.jpg,True,folder_derived_unverified,,Thumbnail screening; no pathogen diagnosis or absence-of-disease confirmation.,candidate_pending_label_verification,
K017,APPLE ROT LEAVES/2010.jpg.jpeg,APPLE ROT LEAVES,False,eb69eb87f70a8cee08247e4bd9119bd397407a8cf6315953d1ee7db3a8ff1c6a,44ab676ab6a796ac56d74df6ca863053750463148b25257fbdaa3f0ee665aaba,311,627,apple_rot_leaves_01.jpg,True,folder_derived_unverified,,Thumbnail screening; no pathogen diagnosis or absence-of-disease confirmation.,exclude_conflicting_folder_labels,G04
K018,APPLE ROT LEAVES/2012.jpg.jpeg,APPLE ROT LEAVES,False,00d192eb784dd3b5805a63e6aa8edef0614a62e61a2ba4b72f663030cdc211a9,50899613369c407f6fec6a861ef003358dd7f7d19a5ecaeadb598308850b60a5,272,529,apple_rot_leaves_01.jpg,True,folder_derived_unverified,,Thumbnail screening; no pathogen diagnosis or absence-of-disease confirmation.,candidate_pending_label_verification,
K019,APPLE ROT LEAVES/2014.jpg.jpeg,APPLE ROT LEAVES,False,04a1f251d5e16475bec31971c8191be79b58afcda250b093ec85e32eff5fbd3a,37628d89e9af006546f01ada0f639d73f4152de3f0a78e452125b69fcca52a82,309,546,apple_rot_leaves_01.jpg,True,folder_derived_unverified,,Thumbnail screening; no pathogen diagnosis or absence-of-disease confirmation.,candidate_pending_label_verification,
K020,APPLE ROT LEAVES/2015.jpg.jpeg,APPLE ROT LEAVES,False,b0ac9dce52d9777106e1c9a651ce3a099f9487c395558c8109c66aca2b3847c9,1902131b796fc2533ebb65976258fb6ee794ff709b041a7f9d9178c069eb118e,265,524,apple_rot_leaves_01.jpg,True,folder_derived_unverified,,Thumbnail screening; no pathogen diagnosis or absence-of-disease confirmation.,candidate_pending_label_verification,
K021,APPLE ROT LEAVES/2016.jpg.jpeg,APPLE ROT LEAVES,False,816b6ca54a8c45368a12fd931b07715d9874e789a80d72fb524426c9b26bf344,227e935d30934de8e7bc7ea7daf155a43e3a24db3b368f0654d508f757f356ab,379,638,apple_rot_leaves_01.jpg,True,folder_derived_unverified,,Thumbnail screening; no pathogen diagnosis or absence-of-disease confirmation.,candidate_pending_label_verification,
K022,APPLE ROT LEAVES/2018.jpg.jpeg,APPLE ROT LEAVES,False,ea6cbba3f6c8ed3499e14d161f4f096d9048dcbc59d7ee99b96854971399925d,ff3fdb392c88b90194905b2817705a49b358a558f2e8d0312df953b7c45bd35e,378,615,apple_rot_leaves_01.jpg,True,folder_derived_unverified,,Thumbnail screening; no pathogen diagnosis or absence-of-disease confirmation.,candidate_pending_label_verification,
K023,APPLE ROT LEAVES/2023.jpg.jpeg,APPLE ROT LEAVES,False,925a578257c5f3a04e4dcde3a5873d1bc7d4a0d97f8a0bd205bd7ea25c01c2c0,732c398fedc2d6646f3b61b1fcd1f6b5540c5a36faa6c87cc887ea9b641293a6,533,1193,apple_rot_leaves_01.jpg,True,folder_derived_unverified,,Thumbnail screening; no pathogen diagnosis or absence-of-disease confirmation.,candidate_pending_label_verification,
K024,APPLE ROT LEAVES/2024.jpg.jpeg,APPLE ROT LEAVES,False,5b7d24acd5e993df5a199309a0b22264b8e6ea767c5acf69d647a71816b08b38,afc915265ff3d2a7cb5500a5c98477b1a919f354ccb0e5fc22b20b373cb57807,636,1168,apple_rot_leaves_01.jpg,True,folder_derived_unverified,,Thumbnail screening; no pathogen diagnosis or absence-of-disease confirmation.,candidate_pending_label_verification,
K025,APPLE ROT LEAVES/2026.jpg.jpeg,APPLE ROT LEAVES,False,7f524d8f52039427c89078980b050b9b034120d0d6acf95dc1e817af386e3b2a,204dd4f7b72dca45383708748e01de77b058d04dedef8ae51348180c6a034ae6,591,1080,apple_rot_leaves_02.jpg,True,folder_derived_unverified,,Thumbnail screening; no pathogen diagnosis or absence-of-disease confirmation.,candidate_pending_label_verification,
K026,APPLE ROT LEAVES/2028.jpg.jpeg,APPLE ROT LEAVES,False,7624dbe643b7d856517815537831b74efde01f9bf3db1fa6e029d31392c08819,8949ab17d51862f5474b46dc32237c998afa8ab0d0e34c0547a1db7a005b7b14,306,661,apple_rot_leaves_02.jpg,True,folder_derived_unverified,,Thumbnail screening; no pathogen diagnosis or absence-of-disease confirmation.,candidate_pending_label_verification,
K027,APPLE ROT LEAVES/2029.jpg.jpeg,APPLE ROT LEAVES,False,947a55ddd8321bec2e2d0312c8dc4796a3a877fd2dd1571e6dc818c4caeca9bc,0ddfe00e90c95dc41b77f891882a3e8b472297cc61c0dc9d50c4463434578b1e,470,1098,apple_rot_leaves_02.jpg,True,folder_derived_unverified,,Thumbnail screening; no pathogen diagnosis or absence-of-disease confirmation.,candidate_pending_label_verification,
K028,APPLE ROT LEAVES/2031.jpg.jpeg,APPLE ROT LEAVES,False,620390e55ef982076d097218160f577fb7bce59f988f8fe7ee267939cee067b1,ad2e56a280a352fecaf7f7a3f4df0f50f257e2e9181e6723088c05a08e8df85b,537,911,apple_rot_leaves_02.jpg,True,folder_derived_unverified,,Thumbnail screening; no pathogen diagnosis or absence-of-disease confirmation.,candidate_pending_label_verification,
K029,APPLE ROT LEAVES/2032.jpg.jpeg,APPLE ROT LEAVES,False,a59b40abcfc9c117ed7b618e43a4879683fd5083a99d523f2579b9a7ea86142b,ec8cee9b592d44d8b1034d751f214b55c4ff00e6f29c01aa94573b472a6f5ae7,326,889,apple_rot_leaves_02.jpg,True,folder_derived_unverified,,Thumbnail screening; no pathogen diagnosis or absence-of-disease confirmation.,candidate_pending_label_verification,
K030,APPLE ROT LEAVES/2034.jpg.jpeg,APPLE ROT LEAVES,False,e3d2b656e7a7a09e3668e0105282c94002deab2fd4ee37b8f275b1c52e60f3c3,8ebb7350d69a73beac5e6e0c74c66e3989f0707893af97856c7da4d65770e829,356,780,apple_rot_leaves_02.jpg,True,folder_derived_unverified,,Thumbnail screening; no pathogen diagnosis or absence-of-disease confirmation.,candidate_pending_label_verification,
K031,APPLE ROT LEAVES/2035.jpg.jpeg,APPLE ROT LEAVES,False,99ada920e3f20dd14c2c73d368fc096d298190779427ef72232f44b24ad66f8f,7545ca06d3f3756256e78189bf93758a34bd15c7e1f66f303d27399dc83a2a26,407,900,apple_rot_leaves_02.jpg,True,folder_derived_unverified,,Thumbnail screening; no pathogen diagnosis or absence-of-disease confirmation.,candidate_pending_label_verification,
K032,APPLE ROT LEAVES/2037.jpg.jpeg,APPLE ROT LEAVES,False,51c45e9ebe41ac866e957b838cc3433b0f7a13deca7150c6c43689836ca03f2f,d707637d4599c57099ae15a7b206dab01941c07dfea968bef63f8bfc12649b8f,389,798,apple_rot_leaves_02.jpg,True,folder_derived_unverified,,Thumbnail screening; no pathogen diagnosis or absence-of-disease confirmation.,candidate_pending_label_verification,
K033,APPLE ROT LEAVES/2040.jpg.jpeg,APPLE ROT LEAVES,False,a6656f33c24d520a079b599b3f8b065aa4f3c761e6287b6e919ca8e990fcd291,8294d12b69e244fee07cab391c986c5e7fe29934f8c89c77f0a979ee00d6d466,405,843,apple_rot_leaves_02.jpg,True,folder_derived_unverified,,Thumbnail screening; no pathogen diagnosis or absence-of-disease confirmation.,candidate_pending_label_verification,
K034,APPLE ROT LEAVES/2046.jpg.jpeg,APPLE ROT LEAVES,False,9c1dece59b1ca4c2176c9f5c3cbc40c3e2539578866bb03b25412790b378d46c,69e559eeedd91d95a1343418312e7b04e6aa8d3408bef61373c24fda76b46fdc,502,1102,apple_rot_leaves_02.jpg,True,folder_derived_unverified,,Thumbnail screening; no pathogen diagnosis or absence-of-disease confirmation.,candidate_pending_label_verification,
K035,APPLE ROT LEAVES/2049.jpg.jpeg,APPLE ROT LEAVES,False,53aaba7561385a3cea7bfd8502f9ca52b2b6b4655257bbc13ffec0ef2c8f07b5,9ffbe3295c7765b87ebca8829edfc320576aded5eafff684141d20b032697039,251,646,apple_rot_leaves_02.jpg,True,folder_derived_unverified,,Thumbnail screening; no pathogen diagnosis or absence-of-disease confirmation.,candidate_pending_label_verification,
K036,APPLE ROT LEAVES/2060.jpg.jpeg,APPLE ROT LEAVES,False,79bde582c7fd8b92d38fa6ef0863175d4ad428b6bc4ad16c710cfa87155b825b,c7e33e89a4fe50f9717e6a238e388b048ca9399adfb96ff2d907a53406156364,329,468,apple_rot_leaves_02.jpg,True,folder_derived_unverified,,Thumbnail screening; no pathogen diagnosis or absence-of-disease confirmation.,candidate_pending_label_verification,
K037,APPLE ROT LEAVES/2098.jpg.jpeg,APPLE ROT LEAVES,False,90fe7fee441e7b606e216d2ae120b95e5f72ec987ecc2314ff7523f84bdc9556,5ee0bddab8a58a19e28176432a873ed90a2059cf4e695e79acdff9e16b6f7836,334,738,apple_rot_leaves_02.jpg,True,folder_derived_unverified,,Thumbnail screening; no pathogen diagnosis or absence-of-disease confirmation.,candidate_pending_label_verification,
K038,APPLE ROT LEAVES/3005.jpg.jpeg,APPLE ROT LEAVES,False,51c94f86ecec5f6b9ebeb321dce1c3f6ed84b178bd26414e2c8de696e6e9de6c,d65a864940a4e1621cae93fc8ed5ecaa92ae8e58628c3995a07232bdfb9b9311,326,712,apple_rot_leaves_02.jpg,True,folder_derived_unverified,,Thumbnail screening; no pathogen diagnosis or absence-of-disease confirmation.,candidate_pending_label_verification,
K039,APPLE ROT LEAVES/3007.jpg.jpeg,APPLE ROT LEAVES,False,59c464c478a7f3d01af63db55ab30815e10c392079c3481d3e107a83dbb54ba1,4c06ce33da978d0bf9bdffc394adca445203506507767e50cd34d9bf9fcf0bd2,364,526,apple_rot_leaves_02.jpg,True,folder_derived_unverified,,Thumbnail screening; no pathogen diagnosis or absence-of-disease confirmation.,candidate_pending_label_verification,
K040,APPLE ROT LEAVES/3008.jpg.jpeg,APPLE ROT LEAVES,False,cede7272517049ad154d186a82f5b328d74fe9c9f26e1ca5fb4b9415e5bea1e8,68c13c53594307c1f591d379c39622bf6b79a1248846993a8e80d6f28ff7f500,436,768,apple_rot_leaves_02.jpg,True,folder_derived_unverified,,Thumbnail screening; no pathogen diagnosis or absence-of-disease confirmation.,candidate_pending_label_verification,
K041,APPLE ROT LEAVES/3010.jpg.jpeg,APPLE ROT LEAVES,False,69a8dedeb4c5a8331cfb25ad241baab88925357d1a1028fd9306295b45d832d9,77a665bd53e4cb6a6fca71f9d122fd15d3e1636762263d2567b931546b4e991c,355,709,apple_rot_leaves_02.jpg,True,folder_derived_unverified,,Thumbnail screening; no pathogen diagnosis or absence-of-disease confirmation.,candidate_pending_label_verification,
K042,APPLE ROT LEAVES/3027.JPG.jpeg,APPLE ROT LEAVES,False,1d3d0aa04ae19dc8a534724bce68b1d47f84bd00d151e4c3e3400b124c9060aa,801e2acb0edf31b2d9d2069c8ab9af2b12ced01c28efe128a7ee4d8f8f955e6f,554,1141,apple_rot_leaves_02.jpg,True,folder_derived_unverified,,Thumbnail screening; no pathogen diagnosis or absence-of-disease confirmation.,candidate_pending_label_verification,
K043,APPLE ROT LEAVES/3031.JPG.jpeg,APPLE ROT LEAVES,False,8ce60f5befd63bbf62032ce20b89b67309a9c2d7d943ac102bb297c0e035d237,7e1827e885a0873f879b27693a59ed2f02a7a4cb2bca165f6bc2f0f622172a58,695,1017,apple_rot_leaves_02.jpg,True,folder_derived_unverified,,Thumbnail screening; no pathogen diagnosis or absence-of-disease confirmation.,candidate_pending_label_verification,
K044,APPLE ROT LEAVES/3032.JPG.jpeg,APPLE ROT LEAVES,False,9dc5a16a9d7e95cca90e631c57e036057e81ea3969e122b3a47ec0d7c22e08d9,399fa2f3b9b5194ed78ea1f3b0b105c6aaff02259eb48fa4ee55b6852b5b04eb,685,778,apple_rot_leaves_02.jpg,True,folder_derived_unverified,,Thumbnail screening; no pathogen diagnosis or absence-of-disease confirmation.,candidate_pending_label_verification,
K045,APPLE ROT LEAVES/3096.jpg.jpeg,APPLE ROT LEAVES,False,309603248455e434f83e4a352a10a7aa13cb04ba2f270243beb69f3fe4759eb1,faaf79ce528129c7308a294c37f17d7f93588c31787ea477c052523c3180cf2a,604,937,apple_rot_leaves_02.jpg,True,folder_derived_unverified,,Thumbnail screening; no pathogen diagnosis or absence-of-disease confirmation.,candidate_pending_label_verification,
K046,APPLE ROT LEAVES/4009.jpg.jpeg,APPLE ROT LEAVES,False,5f469e5e75b2aeb7bccfd2dd3310e736417ecda1491d1ea7f6a34bbf77bdd50e,13083d6b27853c5d40dff19372267f95d4a0669d0c319b257078a9f1c7a807ce,640,937,apple_rot_leaves_02.jpg,True,folder_derived_unverified,,Thumbnail screening; no pathogen diagnosis or absence-of-disease confirmation.,exclude_conflicting_folder_labels,G05
K047,APPLE ROT LEAVES/4010.jpg.jpeg,APPLE ROT LEAVES,False,59c1d869214c03d45e4310ea086f041162a442d7fd84b396aa307e36273bd84c,ca877bc813c702c9da853e575c0abdf705e02f74dab029c25d5a79471493f2c0,497,815,apple_rot_leaves_02.jpg,True,folder_derived_unverified,,Thumbnail screening; no pathogen diagnosis or absence-of-disease confirmation.,exclude_conflicting_folder_labels,G06
K048,APPLE ROT LEAVES/4012.jpg.jpeg,APPLE ROT LEAVES,False,810828bb2b68ac8f2c10cbe061e4d694be5a84fae3ef16c3745c117d93e098b0,42f2c714de00f17a3b441323d607d39e0689701d3256ec554c25473d84092814,610,861,apple_rot_leaves_02.jpg,True,folder_derived_unverified,,Thumbnail screening; no pathogen diagnosis or absence-of-disease confirmation.,candidate_pending_label_verification,
K049,APPLE ROT LEAVES/4013.jpg.jpeg,APPLE ROT LEAVES,False,9af93537d5f5315f0c1c0962577edf8df69defd4df56fd1cf095974619df9ac6,bf302c5a1e5060cddcae209cdce965dc0492f57de9b9698141f1b6ec47017d7e,452,741,apple_rot_leaves_03.jpg,True,folder_derived_unverified,,Thumbnail screening; no pathogen diagnosis or absence-of-disease confirmation.,exclude_conflicting_folder_labels,G07
K050,APPLE ROT LEAVES/4014.jpg.jpeg,APPLE ROT LEAVES,False,fd2aada4220e09e7f5b7e5717574846ab7df8a81f93ab79762492f1844181dd9,765b9d76d35fa4538caad75f3e72060f898f980e3ec1b608cbf1779e92736e07,352,780,apple_rot_leaves_03.jpg,True,folder_derived_unverified,,Thumbnail screening; no pathogen diagnosis or absence-of-disease confirmation.,exclude_conflicting_folder_labels,G08
K051,APPLE ROT LEAVES/4015.jpg.jpeg,APPLE ROT LEAVES,False,cfb74de6f7451b0ae880641b6c52aca222bb44b000ed0ede3fac545f82c46e83,4070e7a2dc8ca689a278474efdc74cffd355e431c7aaf737ce2019d1c7e24629,501,1054,apple_rot_leaves_03.jpg,True,folder_derived_unverified,,Thumbnail screening; no pathogen diagnosis or absence-of-disease confirmation.,exclude_conflicting_folder_labels,G09
K052,APPLE ROT LEAVES/4016.jpg.jpeg,APPLE ROT LEAVES,False,9bd0cb9c77861eea50d5a2412c0d4d7834e9a9637e8e59e7e8fe33fb7905a79b,a21cc104f80a90fe0ce8f20579d4b325d585b87e0b63a93507f9a990e5fc584e,445,819,apple_rot_leaves_03.jpg,True,folder_derived_unverified,,Thumbnail screening; no pathogen diagnosis or absence-of-disease confirmation.,exclude_conflicting_folder_labels,G10
K053,APPLE ROT LEAVES/4026.jpg.jpeg,APPLE ROT LEAVES,False,90839afd02a884093a5eb0b760cb06bab16c3ff801f552da5bf365a9f97dfa5e,99c5190f249c3632add1490af533b82228330e1460a2792c22bb63763b06e1cb,386,735,apple_rot_leaves_03.jpg,True,folder_derived_unverified,,Thumbnail screening; no pathogen diagnosis or absence-of-disease confirmation.,candidate_pending_label_verification,
K054,APPLE ROT LEAVES/4028.jpg.jpeg,APPLE ROT LEAVES,False,dbeba38dbc2ca4def868d5c69a8d3a93efeed9b2eb10aa5679cc55eb29a9da86,714b0329f08db5e2b59a0a22e838828190e33fa534b7da1c46988493f116ef5f,300,676,apple_rot_leaves_03.jpg,True,folder_derived_unverified,,Thumbnail screening; no pathogen diagnosis or absence-of-disease confirmation.,candidate_pending_label_verification,
K055,APPLE ROT LEAVES/4029.jpg.jpeg,APPLE ROT LEAVES,False,837c0a5658c2f5f4e7d6f2a1952efc4be2265b0a587d8da61f59c49f2b73a611,87a9ecef98c6bac4995fe17705b7a966a3a0116747d4babeca094eb9c908aa3c,314,741,apple_rot_leaves_03.jpg,True,folder_derived_unverified,,Thumbnail screening; no pathogen diagnosis or absence-of-disease confirmation.,candidate_pending_label_verification,
K056,APPLE ROT LEAVES/4031.jpg.jpeg,APPLE ROT LEAVES,False,cfdca254aab9922bafef17350ac71ad2fee81dd9d34cdef268fcf0ed47c5177b,cfeb87f8f6600e9101c0620278ae3284ef4b020ab5fffdeb6046c4e8643dfa7b,722,1004,apple_rot_leaves_03.jpg,True,folder_derived_unverified,,Thumbnail screening; no pathogen diagnosis or absence-of-disease confirmation.,candidate_pending_label_verification,
K057,APPLE ROT LEAVES/4034.jpg.jpeg,APPLE ROT LEAVES,False,beb8f9ffe086e0e068d787b0516e65480dbea978caa6358a7173aa522568f6aa,7a17e7eca5ed887191935e546acdc3ab37c4805e8dfef6f68a4df7c6f5983da5,282,528,apple_rot_leaves_03.jpg,True,folder_derived_unverified,,Thumbnail screening; no pathogen diagnosis or absence-of-disease confirmation.,candidate_pending_label_verification,
K058,APPLE ROT LEAVES/4036.jpg.jpeg,APPLE ROT LEAVES,False,8a0e58fd057b0d9eec06561a6e39f8f66451e9cf834a6871bbc1d03bb8bbfcd9,99d70e6b8e19d91d511bede9732b1d5638d76f84ba452cc8db68031026681d4d,467,946,apple_rot_leaves_03.jpg,True,folder_derived_unverified,,Thumbnail screening; no pathogen diagnosis or absence-of-disease confirmation.,candidate_pending_label_verification,
K059,APPLE ROT LEAVES/4038.jpg.jpeg,APPLE ROT LEAVES,False,4f36e57da6267a5028bbd507cb1a591c6b78858cebe4af00cb0085cf075632be,b6b4953b2d02b4af02668a2b34da4b93e78acf425a0248369e75c641342d1076,446,684,apple_rot_leaves_03.jpg,True,folder_derived_unverified,,Thumbnail screening; no pathogen diagnosis or absence-of-disease confirmation.,candidate_pending_label_verification,
K060,APPLE ROT LEAVES/4041.jpg.jpeg,APPLE ROT LEAVES,False,45dfc133959edba91a10b1b22cc435c36a9c5057e8585c7cece20b37a8fecbf0,c462696123b9546a8fbfafc86cdbeb99386e8dcf597346d48ddc5ba87857e708,263,751,apple_rot_leaves_03.jpg,True,folder_derived_unverified,,Thumbnail screening; no pathogen diagnosis or absence-of-disease confirmation.,candidate_pending_label_verification,
K061,APPLE ROT LEAVES/4042.jpg.jpeg,APPLE ROT LEAVES,False,307ae505265323bcf68505e2f899219e1f40076c2bd3a2ddb906e07a61ae0430,aa081b192399e099b8d2f1314392a6e906b9ad25f1402a780b3be81d5df93cda,398,995,apple_rot_leaves_03.jpg,True,folder_derived_unverified,,Thumbnail screening; no pathogen diagnosis or absence-of-disease confirmation.,candidate_pending_label_verification,
K062,APPLE ROT LEAVES/4043.jpg.jpeg,APPLE ROT LEAVES,False,e706e3fde35a7e6891128adcf1dd58662971c207c7dce701fec1ab7c1e154796,0e16cc9cccddb7606b3e32f7b95e30a0e14d400139c6b2e686bf99719572afc4,555,647,apple_rot_leaves_03.jpg,True,folder_derived_unverified,,Thumbnail screening; no pathogen diagnosis or absence-of-disease confirmation.,candidate_pending_label_verification,
K063,APPLE ROT LEAVES/4048.jpg.jpeg,APPLE ROT LEAVES,False,c1177d0483c397193cf3f3f160ff5c2590cd95a6d68e26408314e05128e8cb47,0dd4e5329849d975663f190bd1845215166141080d04935a5b43d1ea56e7d303,301,780,apple_rot_leaves_03.jpg,True,folder_derived_unverified,,Thumbnail screening; no pathogen diagnosis or absence-of-disease confirmation.,candidate_pending_label_verification,
K064,APPLE ROT LEAVES/4049.jpg.jpeg,APPLE ROT LEAVES,False,336287e9ae42c39df139428151f7a5b0299aa9aec256ff5e4c7ecf1115453897,2b739d14eaf55412982036bea17e14ce04786e5eb590857debedff54628d66b4,357,649,apple_rot_leaves_03.jpg,True,folder_derived_unverified,,Thumbnail screening; no pathogen diagnosis or absence-of-disease confirmation.,candidate_pending_label_verification,
K065,APPLE ROT LEAVES/4054.jpg.jpeg,APPLE ROT LEAVES,False,5ed29ca97a25cce9307b69c1a063c78d1f59451d0c59d189f6b8997925a1091b,64decab74fbf71f3bc7049de49da683513df96f619a4f92928fb6e46f7a1d8dc,196,346,apple_rot_leaves_03.jpg,True,folder_derived_unverified,,Thumbnail screening; no pathogen diagnosis or absence-of-disease confirmation.,candidate_pending_label_verification,
K066,APPLE ROT LEAVES/4055.jpg.jpeg,APPLE ROT LEAVES,False,ad2659bac38dd5becfeb9df5f69aaba84ec77ca2a093fe94da2030d0a75d11c4,e0ebcb470cc932ebffb1dd10dc33179a59575c42505cd5ac6e242db44a52b4fc,195,463,apple_rot_leaves_03.jpg,True,folder_derived_unverified,,Thumbnail screening; no pathogen diagnosis or absence-of-disease confirmation.,candidate_pending_label_verification,
K067,APPLE ROT LEAVES/4056.jpg.jpeg,APPLE ROT LEAVES,False,ebe9406fcb2b4b32d40b95997be021173b8da0c6eb8a1aaff7d39f7b3858b067,7d0f310a9142d52d8a786fabc45c53ca54cf6d952e3c898c76df39f27b043982,369,583,apple_rot_leaves_03.jpg,True,folder_derived_unverified,,Thumbnail screening; no pathogen diagnosis or absence-of-disease confirmation.,candidate_pending_label_verification,
K068,APPLE ROT LEAVES/4057.jpg.jpeg,APPLE ROT LEAVES,False,96373a867f4f6b22cb8a6d9512a560b789cd3241f9befa72490361761dd6489a,dbdf669ec8119ef7570f40a13581aa8f74b35160b2b9046f92f380c2c7346de4,324,450,apple_rot_leaves_03.jpg,True,folder_derived_unverified,,Thumbnail screening; no pathogen diagnosis or absence-of-disease confirmation.,candidate_pending_label_verification,
K069,APPLE ROT LEAVES/4058.jpg.jpeg,APPLE ROT LEAVES,False,0ba794f3992ee5906e5b01f1854782619b707dab4e19713ab406ce7b35903783,94d11cc8b5a0aa7530b0881cf346596dc5ddd833766168fde9b222bc7e6ac26c,382,564,apple_rot_leaves_03.jpg,True,folder_derived_unverified,,Thumbnail screening; no pathogen diagnosis or absence-of-disease confirmation.,candidate_pending_label_verification,
K070,APPLE ROT LEAVES/4061.jpg.jpeg,APPLE ROT LEAVES,False,98092aab92ca90dddc021c04eef6d854f2c2e8ec8476bdda8ae8af9696455997,4b1f689f85d01d16f91804ae1982fdd5cb41137dbab5d476a27af3577bfe5635,186,460,apple_rot_leaves_03.jpg,True,folder_derived_unverified,,Thumbnail screening; no pathogen diagnosis or absence-of-disease confirmation.,candidate_pending_label_verification,
K071,APPLE ROT LEAVES/4068.jpg.jpeg,APPLE ROT LEAVES,False,fd8889909bed6b38659190ac52c758c88fb0128db6e2476fdeca14132d691ebf,ee141234032e6ceee50caf7643c821f36136d040b44f0afc4fa0ad808484a493,185,353,apple_rot_leaves_03.jpg,True,folder_derived_unverified,,Thumbnail screening; no pathogen diagnosis or absence-of-disease confirmation.,candidate_pending_label_verification,
K072,APPLE ROT LEAVES/4072.jpg.jpeg,APPLE ROT LEAVES,False,97b850990c3a94d61f530b514c50f3cde59b50f083f286b267fd39daaf724b1f,2c4cf36dcddc219d243490d3ff0776ae0c409194eef2899b1ce0cf8acf02a048,322,515,apple_rot_leaves_03.jpg,True,folder_derived_unverified,,Thumbnail screening; no pathogen diagnosis or absence-of-disease confirmation.,exclude_conflicting_folder_labels,G11
K073,APPLE ROT LEAVES/4073.jpg.jpeg,APPLE ROT LEAVES,False,361cbefe49cd5f8d4063b34ebcd7ce8431d2367fbbf856ea3ec437a6b16635c1,a0cf42b753645472c8e1007a61a5b8b3941e9bef3615fe93e7800f7a9763499d,227,579,apple_rot_leaves_04.jpg,True,folder_derived_unverified,,Thumbnail screening; no pathogen diagnosis or absence-of-disease confirmation.,candidate_pending_label_verification,
K074,APPLE ROT LEAVES/4074.jpg.jpeg,APPLE ROT LEAVES,False,afc7e65d05d0e8f9fb8e539f7e6f08453262e54b2130a1bfd453c2cd96e6cfcd,52d39d5448afaa2280579c4677202e77f486e1a5c53c210e45ba6278857504b4,222,541,apple_rot_leaves_04.jpg,True,folder_derived_unverified,,Thumbnail screening; no pathogen diagnosis or absence-of-disease confirmation.,candidate_pending_label_verification,
K075,APPLE ROT LEAVES/4075.jpg.jpeg,APPLE ROT LEAVES,False,70f15ef5f39cc94739a5b2453177f8a502716015f55cc5d63d52e1d875fcefd9,e7ac0e54a1552e408c8cae0da3296dde436f2d455c58661113167975157d141d,312,553,apple_rot_leaves_04.jpg,True,folder_derived_unverified,,Thumbnail screening; no pathogen diagnosis or absence-of-disease confirmation.,exclude_conflicting_folder_labels,G11
K076,APPLE ROT LEAVES/4079.jpg.jpeg,APPLE ROT LEAVES,False,c0eb42777ed362abb8de4ec2da6e2b956d5566a150e0d002cdc336ccd7a3a04c,7bea5f07ccde01f35ce3574a77ce40c0dc77d047cd3020c4c6be9445c636feae,356,526,apple_rot_leaves_04.jpg,True,folder_derived_unverified,,Thumbnail screening; no pathogen diagnosis or absence-of-disease confirmation.,candidate_pending_label_verification,
K077,APPLE ROT LEAVES/4080.jpg.jpeg,APPLE ROT LEAVES,False,3258645aca26af07a8c5911ee8b3b1a7c4fa7f407015c2bc38ece2d4be42aff2,8d428a6c2e77bd49dd406d754d3739ba7631954836f8f2456272d6b9aa97569f,262,531,apple_rot_leaves_04.jpg,True,folder_derived_unverified,,Thumbnail screening; no pathogen diagnosis or absence-of-disease confirmation.,candidate_pending_label_verification,
K078,APPLE ROT LEAVES/4082.jpg.jpeg,APPLE ROT LEAVES,False,625380d963628bdfe32f5cfe1a8fca89a4ae8661e77f3e1c6d7a0cbade80b649,5d9655162f07851d276a7834eb21b38c3cdceee27468d687583c0f34577b4935,299,472,apple_rot_leaves_04.jpg,True,folder_derived_unverified,,Thumbnail screening; no pathogen diagnosis or absence-of-disease confirmation.,candidate_pending_label_verification,
K079,APPLE ROT LEAVES/4084.jpg.jpeg,APPLE ROT LEAVES,False,65018e17f96d46d8f8158747de1a8da40e8a4171cefada2547f0dd3b0fa557c9,1b730ba64a1acd990cba1cb3e2d2e83102fe0f04ab7b83c0162f021e4cd5d6ec,338,413,apple_rot_leaves_04.jpg,True,folder_derived_unverified,,Thumbnail screening; no pathogen diagnosis or absence-of-disease confirmation.,candidate_pending_label_verification,
K080,APPLE ROT LEAVES/4085.JPG.jpeg,APPLE ROT LEAVES,False,0b4f4960339a5e53f931df398d072485bbb36adcc64d757635c6231060459fd5,a213eb2ff2aca01c8c70dd11df19c20960943163ac686aab7fc844ca600e5be0,263,501,apple_rot_leaves_04.jpg,True,folder_derived_unverified,,Thumbnail screening; no pathogen diagnosis or absence-of-disease confirmation.,candidate_pending_label_verification,
K081,APPLE ROT LEAVES/4092.jpg.jpeg,APPLE ROT LEAVES,False,6bb6e650c45b054853c5fc5ccf78391a9c653f09aece0a20e0b0c610b47cfecb,437cb21b6b8a13aeca009ee4e6628b0ddb273b74a7114d4b6445a247bd99b3e5,200,374,apple_rot_leaves_04.jpg,True,folder_derived_unverified,,Thumbnail screening; no pathogen diagnosis or absence-of-disease confirmation.,candidate_pending_label_verification,
K082,APPLE ROT LEAVES/4093.jpg.jpeg,APPLE ROT LEAVES,False,57126e1a69dde1d9de114625de1b62aa534c54487f018f8a75dbe5a09a3bae3b,917b80fb0d5cf34df489b9bebcfdf2f4ee24e85ad09184311241dea72c2fc3ae,213,482,apple_rot_leaves_04.jpg,True,folder_derived_unverified,,Thumbnail screening; no pathogen diagnosis or absence-of-disease confirmation.,candidate_pending_label_verification,
K083,APPLE ROT LEAVES/4094.jpg.jpeg,APPLE ROT LEAVES,False,505b6cbc6f44f38de0a8227d9dd879649dd0c13fbb3acce168fe11001eeffa91,9ecf07f7077ea782f1cc681d3b51ab0eeb011368dde00114cca9df84b15b2206,391,582,apple_rot_leaves_04.jpg,True,folder_derived_unverified,,Thumbnail screening; no pathogen diagnosis or absence-of-disease confirmation.,candidate_pending_label_verification,
K084,APPLE ROT LEAVES/5000.jpg.jpeg,APPLE ROT LEAVES,False,3b16d946143fe6191ef932dade06a52b7553cae69530d733e8210c9b19b7045c,5c95a1dbffbe09a61ce1da6d0615327b44cbb3eb0536a17af289cffe5dcfb9a0,204,457,apple_rot_leaves_04.jpg,True,folder_derived_unverified,,Thumbnail screening; no pathogen diagnosis or absence-of-disease confirmation.,candidate_pending_label_verification,
K085,APPLE ROT LEAVES/5007.jpg.jpeg,APPLE ROT LEAVES,False,a6c0213be133807d5c11d16e1a5376e7321dbf9b85c44fbe5a3121e537888322,64165458a6152ae1fb53c69130326c7cbea2d65e6852d68015e86e996977d84b,195,361,apple_rot_leaves_04.jpg,True,folder_derived_unverified,,Thumbnail screening; no pathogen diagnosis or absence-of-disease confirmation.,candidate_pending_label_verification,
K086,APPLE ROT LEAVES/5013.jpg.jpeg,APPLE ROT LEAVES,False,c1fbb96cf75859eee59acdff6ceb4ea73ab0dcfc717b2fb421bcc7f97ce859df,07f2428fc90d7fd5d9c4e7a80b3ee072159d2b53f2de28f606b6616e598c2b32,229,557,apple_rot_leaves_04.jpg,True,folder_derived_unverified,,Thumbnail screening; no pathogen diagnosis or absence-of-disease confirmation.,candidate_pending_label_verification,
K087,APPLE ROT LEAVES/5014.jpg.jpeg,APPLE ROT LEAVES,False,c092c8de795d0191318d96b80d9d8cd6fbcb8869a06432afddeb4be0e9005aa4,9df3f5c239c3dec1f9fe47dd6443ca70b9105fe3549fca86e2c6ddfe761f25d9,216,587,apple_rot_leaves_04.jpg,True,folder_derived_unverified,,Thumbnail screening; no pathogen diagnosis or absence-of-disease confirmation.,candidate_pending_label_verification,
K088,APPLE ROT LEAVES/5019.jpg.jpeg,APPLE ROT LEAVES,False,74c67460df67c61b816c6649570a84acb0b0e325f1904d653c6ff26f823c0306,a8bea295575437e3d4fc4c16e0ddee34661f319dafe8dfaa010e100489b0b97a,341,530,apple_rot_leaves_04.jpg,True,folder_derived_unverified,,Thumbnail screening; no pathogen diagnosis or absence-of-disease confirmation.,candidate_pending_label_verification,
K089,APPLE ROT LEAVES/5022.jpg.jpeg,APPLE ROT LEAVES,False,5501524692b9f9a3e7ef2e139cbfdf23cf1c43b703acea849d6aed1b3cb34b12,7d237dc680a2a376efde1bb329a71fcac41f4dacf7e023e9c6627945795ece20,424,848,apple_rot_leaves_04.jpg,True,folder_derived_unverified,,Thumbnail screening; no pathogen diagnosis or absence-of-disease confirmation.,candidate_pending_label_verification,
K090,APPLE ROT LEAVES/5027.jpg.jpeg,APPLE ROT LEAVES,False,5e54cf5c149b016326d9428e4f4adb7467776ac06eff9823511b5af6a8a00aa9,fb4c7ebc5c902697ddcc10b63c4e97502287c9e7c78f2d9dd0676613f0ab87b1,238,464,apple_rot_leaves_04.jpg,True,folder_derived_unverified,,Thumbnail screening; no pathogen diagnosis or absence-of-disease confirmation.,candidate_pending_label_verification,
K091,APPLE ROT LEAVES/5048.jpg.jpeg,APPLE ROT LEAVES,False,29b5fc2848a46d9b4b10d8cfe212d3b7f8b775180cf5d0cdeb4c2cabdc3d1a1c,41ed208caf42df02eec2594d7b491dd0b660f80729cfc040aff4033097e1f274,335,512,apple_rot_leaves_04.jpg,True,folder_derived_unverified,,Thumbnail screening; no pathogen diagnosis or absence-of-disease confirmation.,candidate_pending_label_verification,
K092,APPLE ROT LEAVES/5057.jpg.jpeg,APPLE ROT LEAVES,False,eca5e4fe8df8de3236675be08d699231059504416438cf4de5c44cd7712215aa,4a798d8dc00e23e1151e8d0bb96a6f963d38699c0c5b1a887ae205d659cf1656,237,525,apple_rot_leaves_04.jpg,True,folder_derived_unverified,,Thumbnail screening; no pathogen diagnosis or absence-of-disease confirmation.,candidate_pending_label_verification,
K093,APPLE ROT LEAVES/5060.jpg.jpeg,APPLE ROT LEAVES,False,ada8f6ef63ecd086e1084c48d1f151e2c80e583311dba3429fd597b3142ea646,ed759fe5d4cee3c6a3690ddc093e96f910bd0956e15acb29b4a79cd28ff8cde9,191,384,apple_rot_leaves_04.jpg,True,folder_derived_unverified,,Thumbnail screening; no pathogen diagnosis or absence-of-disease confirmation.,candidate_pending_label_verification,
K094,APPLE ROT LEAVES/5061.jpg.jpeg,APPLE ROT LEAVES,False,cff8add9a4be37e9b217cee886956482ee084168c609592be08f868fec23ad2c,04a0e9cdff1a6c958a73a31a08b6952c38395b0a814ba7e255cffa1992e02a56,177,434,apple_rot_leaves_04.jpg,True,folder_derived_unverified,,Thumbnail screening; no pathogen diagnosis or absence-of-disease confirmation.,candidate_pending_label_verification,
K095,APPLE ROT LEAVES/5062.jpg(1).jpeg,APPLE ROT LEAVES,True,e6e2099c925cfbcedf7c5f6a73d9c1cefa198c48a9f9d47f698e65300da1821b,749c088fd435088c16b3737a603169541dd05869f0b1038b1f05a619f678ba1b,244,407,apple_rot_leaves_04.jpg,True,folder_derived_unverified,,Thumbnail screening; no pathogen diagnosis or absence-of-disease confirmation.,candidate_pending_label_verification,
K096,APPLE ROT LEAVES/5062.jpg.jpeg,APPLE ROT LEAVES,False,e6e2099c925cfbcedf7c5f6a73d9c1cefa198c48a9f9d47f698e65300da1821b,749c088fd435088c16b3737a603169541dd05869f0b1038b1f05a619f678ba1b,244,407,apple_rot_leaves_04.jpg,True,folder_derived_unverified,,Thumbnail screening; no pathogen diagnosis or absence-of-disease confirmation.,exclude_exact_same_class_duplicate,
K097,APPLE ROT LEAVES/5064.jpg(1).jpeg,APPLE ROT LEAVES,True,38007c3f16a76bf3d1aaf19bd1a24caa0f34f7659251217b17fe1d263dce3779,510452a85a842807a4f94513ab0d4628d23dc00f7588a34791282bed9c132fed,295,393,apple_rot_leaves_05.jpg,True,folder_derived_unverified,,Thumbnail screening; no pathogen diagnosis or absence-of-disease confirmation.,candidate_pending_label_verification,
K098,APPLE ROT LEAVES/5064.jpg.jpeg,APPLE ROT LEAVES,False,38007c3f16a76bf3d1aaf19bd1a24caa0f34f7659251217b17fe1d263dce3779,510452a85a842807a4f94513ab0d4628d23dc00f7588a34791282bed9c132fed,295,393,apple_rot_leaves_05.jpg,True,folder_derived_unverified,,Thumbnail screening; no pathogen diagnosis or absence-of-disease confirmation.,exclude_exact_same_class_duplicate,
K099,APPLE ROT LEAVES/5073.jpg.jpeg,APPLE ROT LEAVES,False,c0baf2d739da20526fd35a48d4340e863fdf0703e7086396684227946365ea4c,b8f776097cc9798b70e4e65eab632bdfe19a50bca61052155b549a398ead4c90,263,480,apple_rot_leaves_05.jpg,True,folder_derived_unverified,,Thumbnail screening; no pathogen diagnosis or absence-of-disease confirmation.,candidate_pending_label_verification,
K100,APPLE ROT LEAVES/5075.jpg.jpeg,APPLE ROT LEAVES,False,1b894d5f53a88b159cf02973e859d33c48391d5aaf52c5f0f8a27b23ffe4e4e8,7c058e1da30600b7b01563fdacdb8202d15a7e0559a975e0d7280903077105c5,237,372,apple_rot_leaves_05.jpg,True,folder_derived_unverified,,Thumbnail screening; no pathogen diagnosis or absence-of-disease confirmation.,candidate_pending_label_verification,
K101,APPLE ROT LEAVES/5085.jpg.jpeg,APPLE ROT LEAVES,False,873ac4a558a62bc22144edc37e46d0bcfa7c03a73c16f087b8a221719cda1012,0fb09295086d99df970373bc7cb2fba7ea6c5679c54eff1fc8e4c5f27542e63c,177,406,apple_rot_leaves_05.jpg,True,folder_derived_unverified,,Thumbnail screening; no pathogen diagnosis or absence-of-disease confirmation.,candidate_pending_label_verification,
K102,APPLE ROT LEAVES/5088.jpg.jpeg,APPLE ROT LEAVES,False,952386ef6adad664c1abf62dace661d6d2175020e1260e1ed5bc51b2dd4b6469,fd3c68d090c1c768aaaab6ec692b972d8e8f7955b0e7e36641b2e87a1bb43471,173,465,apple_rot_leaves_05.jpg,True,folder_derived_unverified,,Thumbnail screening; no pathogen diagnosis or absence-of-disease confirmation.,candidate_pending_label_verification,
K103,APPLE ROT LEAVES/5094.jpg(1).jpeg,APPLE ROT LEAVES,True,fc59251165116b3c1b460530bf59e03a6202c0bc17475a9ece7e2597ac0410ac,3d3b4cb72439b77867c9682aed8716a180ce7f1c5707e5b47a47cc167edf92bb,257,634,apple_rot_leaves_05.jpg,True,folder_derived_unverified,,Thumbnail screening; no pathogen diagnosis or absence-of-disease confirmation.,candidate_pending_label_verification,
K104,APPLE ROT LEAVES/5094.jpg.jpeg,APPLE ROT LEAVES,False,fc59251165116b3c1b460530bf59e03a6202c0bc17475a9ece7e2597ac0410ac,3d3b4cb72439b77867c9682aed8716a180ce7f1c5707e5b47a47cc167edf92bb,257,634,apple_rot_leaves_05.jpg,True,folder_derived_unverified,,Thumbnail screening; no pathogen diagnosis or absence-of-disease confirmation.,exclude_exact_same_class_duplicate,
K105,APPLE ROT LEAVES/WhatsApp Image 2022-07-04 at 7.37.35 PM (11)(1).jpeg,APPLE ROT LEAVES,True,44c4714f8f75b31e014103e446aaf134ed1d46209004a75bde4de842f4733b9a,cba027cd7f90ac3c9989c7d7048ce642c95633b79b168f0e612d14bc85eb3431,382,562,apple_rot_leaves_05.jpg,True,folder_derived_unverified,,Thumbnail screening; no pathogen diagnosis or absence-of-disease confirmation.,candidate_pending_label_verification,
K106,APPLE ROT LEAVES/WhatsApp Image 2022-07-04 at 7.37.35 PM (11).jpeg,APPLE ROT LEAVES,False,44c4714f8f75b31e014103e446aaf134ed1d46209004a75bde4de842f4733b9a,cba027cd7f90ac3c9989c7d7048ce642c95633b79b168f0e612d14bc85eb3431,382,562,apple_rot_leaves_05.jpg,True,folder_derived_unverified,,Thumbnail screening; no pathogen diagnosis or absence-of-disease confirmation.,exclude_exact_same_class_duplicate,
K107,APPLE ROT LEAVES/WhatsApp Image 2022-07-04 at 7.37.35 PM (12)(1).jpeg,APPLE ROT LEAVES,True,0609592a56364e148eeba3d2eb1fc51918f96f82cf2174726f3bae39da38fd2e,003dde6af1992ad450a8ecaf14ce0de1fd918d8ebc2c5fa2db62589ec9462142,210,500,apple_rot_leaves_05.jpg,True,folder_derived_unverified,,Thumbnail screening; no pathogen diagnosis or absence-of-disease confirmation.,candidate_pending_label_verification,
K108,APPLE ROT LEAVES/WhatsApp Image 2022-07-04 at 7.37.35 PM (12).jpeg,APPLE ROT LEAVES,False,0609592a56364e148eeba3d2eb1fc51918f96f82cf2174726f3bae39da38fd2e,003dde6af1992ad450a8ecaf14ce0de1fd918d8ebc2c5fa2db62589ec9462142,210,500,apple_rot_leaves_05.jpg,True,folder_derived_unverified,,Thumbnail screening; no pathogen diagnosis or absence-of-disease confirmation.,exclude_exact_same_class_duplicate,
K109,HEALTHY LEAVES/1001.jpg.jpeg,HEALTHY LEAVES,False,2a08be4530601af3a428e61168fe0327cc28c52eaa566786519a473a2ca603b9,5f30c24a1ff7afd7fa7d7b996a6d609c2c533d6a2de369c8516c0fc89ffaa647,678,1221,healthy_leaves_01.jpg,True,folder_derived_unverified,,Thumbnail screening; no pathogen diagnosis or absence-of-disease confirmation.,candidate_pending_label_verification,
K110,HEALTHY LEAVES/1002.jpg.jpeg,HEALTHY LEAVES,False,7380f128808f22a7a2064584ac7fd2c7e584c5d2ba05564aed719d12602f446b,c6088836d1633d128e4f8c8abad18aa757097412c81704a34bf975ac83bb3235,565,509,healthy_leaves_01.jpg,True,folder_derived_unverified,,Thumbnail screening; no pathogen diagnosis or absence-of-disease confirmation.,candidate_pending_label_verification,
K111,HEALTHY LEAVES/1003.JPG.jpeg,HEALTHY LEAVES,False,9f9eeb203ed0534058f91e20e148618c3484ca8be4cba8210e18f6a3af6397b5,d5e88da5c9ccfdce21bd133c11571bf747806229ebe4f5c9c774502b78392fc5,537,1133,healthy_leaves_01.jpg,True,folder_derived_unverified,,Thumbnail screening; no pathogen diagnosis or absence-of-disease confirmation.,candidate_pending_label_verification,
K112,HEALTHY LEAVES/1004.JPG.jpeg,HEALTHY LEAVES,False,5af8a17cae8134b2f0e65fad11c2eb558c55c665b6d695074c571a44fad01b64,6b5f161f272b8c56ec011e84fe729db56d19791f26c9028c34f69d7e371f4190,426,1102,healthy_leaves_01.jpg,True,folder_derived_unverified,,Thumbnail screening; no pathogen diagnosis or absence-of-disease confirmation.,candidate_pending_label_verification,
K113,HEALTHY LEAVES/1005.JPG.jpeg,HEALTHY LEAVES,False,0e93c5b5e992409040a5a026aa27adfddcf914cfde28134ed2ef1f2ffa7b39a3,aec61420ad2a890a5d8df6448a73bf8a4655cac398c89c9f1afc4b0199173194,415,1223,healthy_leaves_01.jpg,True,folder_derived_unverified,,Thumbnail screening; no pathogen diagnosis or absence-of-disease confirmation.,candidate_pending_label_verification,
K114,HEALTHY LEAVES/1006.JPG.jpeg,HEALTHY LEAVES,False,da2b776213a69d01a185867ec67484fe3cf481d8768b677dc31352de62e45e35,9377e8d971c4237c56a9423dda310837032cd0f97717804af64ece6a78dade01,335,1137,healthy_leaves_01.jpg,True,folder_derived_unverified,,Thumbnail screening; no pathogen diagnosis or absence-of-disease confirmation.,candidate_pending_label_verification,
K115,HEALTHY LEAVES/1007.JPG.jpeg,HEALTHY LEAVES,False,3b2cc89bceb4640aacce93b40db05d02867b071f13ebe10a3d6dccaf1f373911,c6dd3eb97c5c47f19479e8548c2f1cf8227c945379d0de4528d84f2701d0f849,410,892,healthy_leaves_01.jpg,True,folder_derived_unverified,,Thumbnail screening; no pathogen diagnosis or absence-of-disease confirmation.,candidate_pending_label_verification,
K116,HEALTHY LEAVES/1008.JPG.jpeg,HEALTHY LEAVES,False,71bbb2d0af92385a289dc58150cf18a4eb665c77508666f42100d3c63232f866,2898b74e1f77418bab55048b13b09b29ca0ab020dfe332e75428b2b253870ccd,324,733,healthy_leaves_01.jpg,True,folder_derived_unverified,,Thumbnail screening; no pathogen diagnosis or absence-of-disease confirmation.,candidate_pending_label_verification,
K117,HEALTHY LEAVES/1009.JPG.jpeg,HEALTHY LEAVES,False,fcd651f58ec55705e29d8927f82a4ac2586e88fe30066121be757bf8e3491b56,bb27026cb3893f8b15df1437b1c0c04232d26ef3d04e2739e646493fbf0465fd,446,925,healthy_leaves_01.jpg,True,folder_derived_unverified,,Thumbnail screening; no pathogen diagnosis or absence-of-disease confirmation.,candidate_pending_label_verification,
K118,HEALTHY LEAVES/1010.JPG.jpeg,HEALTHY LEAVES,False,03ee05ce9ad1d5aa842cd5bd47c2f8ffeefecb54ee43e65dba2eaf55b6244039,fce51e38565aba40c709e4bc7a82515519269a54f5d1ca6f7ef1da96c02cee94,413,924,healthy_leaves_01.jpg,True,folder_derived_unverified,,Thumbnail screening; no pathogen diagnosis or absence-of-disease confirmation.,candidate_pending_label_verification,
K119,HEALTHY LEAVES/1014.JPG.jpeg,HEALTHY LEAVES,False,e87b24dd7e9236d0264dcf5d90835a43d96cb46e5ef055ac4bedea71f4fdd96d,cea4406ce0a72393e548b24d8a495af61d3378e1477a105fff80f62ffe24bc7e,417,825,healthy_leaves_01.jpg,True,folder_derived_unverified,,Thumbnail screening; no pathogen diagnosis or absence-of-disease confirmation.,candidate_pending_label_verification,
K120,HEALTHY LEAVES/1015.JPG.jpeg,HEALTHY LEAVES,False,4e84970d8d8105c2cbe65546dec9ed4decb73f45910feca71301526e45af113d,c205b39dbfe2e366399214ce40062f95caadfc3105415c13faa95efd367bd9a8,353,941,healthy_leaves_01.jpg,True,folder_derived_unverified,,Thumbnail screening; no pathogen diagnosis or absence-of-disease confirmation.,candidate_pending_label_verification,
K121,HEALTHY LEAVES/1018.JPG.jpeg,HEALTHY LEAVES,False,cb28edc6b30cdf76a56200a535cec65718cd6a1571903f301db4260317e17cff,76791b7943767fcf19ff82092ca1f32b1cb1029890bdc0c9c18eebc0e016a1f1,309,517,healthy_leaves_01.jpg,True,folder_derived_unverified,,Thumbnail screening; no pathogen diagnosis or absence-of-disease confirmation.,candidate_pending_label_verification,
K122,HEALTHY LEAVES/1020.JPG.jpeg,HEALTHY LEAVES,False,24c9aa56d04d1c528e6afad0e4e3903e2222e4f649f0a13bc9bf570ca9a5bf64,f415104fb004e7869eddc2fb5e1f82d6698c45f278288956fcac813a1820c20d,351,950,healthy_leaves_01.jpg,True,folder_derived_unverified,,Thumbnail screening; no pathogen diagnosis or absence-of-disease confirmation.,candidate_pending_label_verification,
K123,HEALTHY LEAVES/1023.JPG.jpeg,HEALTHY LEAVES,False,717d068e38e382979eb14f192f2997231e79630cec848a8895ca2111950a7b7f,524de3f634634a7093b5d90f485c8887027baa70e06882357b646f76cdd8b21f,349,826,healthy_leaves_01.jpg,True,folder_derived_unverified,,Thumbnail screening; no pathogen diagnosis or absence-of-disease confirmation.,candidate_pending_label_verification,
K124,HEALTHY LEAVES/1024.JPG.jpeg,HEALTHY LEAVES,False,58c142c155b393311b315d63e6f74ce11b62729a5200301cb116683b21e3db9d,999677050e5f6d4eb2bfb8e4c14efc0972ffa3701e49dd59b18061619938af8b,326,719,healthy_leaves_01.jpg,True,folder_derived_unverified,,Thumbnail screening; no pathogen diagnosis or absence-of-disease confirmation.,candidate_pending_label_verification,
K125,HEALTHY LEAVES/1026.JPG.jpeg,HEALTHY LEAVES,False,b67a254155bd3c806a443e6f270bae9db6b3a9fcdb66c0992570bf9f73ec8e3f,80394c26f163a0885a9b82c89caabb7b1685c5cec2d5b2196cdd427ffe37d343,437,923,healthy_leaves_01.jpg,True,folder_derived_unverified,,Thumbnail screening; no pathogen diagnosis or absence-of-disease confirmation.,candidate_pending_label_verification,
K126,HEALTHY LEAVES/1032.JPG.jpeg,HEALTHY LEAVES,False,729938aa25959d93d776e1d3deba2ff3414e0e0df3bb0d5d171cfc3315cf0cda,66b19f140fb13f8a21a373c91615e81a17994753e3bca180d1a85b2f593f3279,389,738,healthy_leaves_01.jpg,True,folder_derived_unverified,,Thumbnail screening; no pathogen diagnosis or absence-of-disease confirmation.,candidate_pending_label_verification,
K127,HEALTHY LEAVES/1034.JPG.jpeg,HEALTHY LEAVES,False,0dcc35d4d55dc9b0bc00c95b12fb7c20469bfd0dcbc73f93c1799a4e22e9b995,5fc4655379e5a56b8828f1acaa0b747a655bba46f3dcbdd9a1da914331e63b71,453,952,healthy_leaves_01.jpg,True,folder_derived_unverified,,Thumbnail screening; no pathogen diagnosis or absence-of-disease confirmation.,candidate_pending_label_verification,
K128,HEALTHY LEAVES/1035.JPG.jpeg,HEALTHY LEAVES,False,8b28bda48b6f050f2871f7496f9cf2d0a2a16d1b641fae78c34c8aaf7dd7fbfe,71f5abb8ed8543267b9f6e5e3ee0f51863a0b9ceec5e607c3dae9642e0f46c64,356,755,healthy_leaves_01.jpg,True,folder_derived_unverified,,Thumbnail screening; no pathogen diagnosis or absence-of-disease confirmation.,candidate_pending_label_verification,
K129,HEALTHY LEAVES/1036.JPG.jpeg,HEALTHY LEAVES,False,99a7b8528ae767a53fd2fb2acfaf2261382944e4f6752c47946441599564e9cc,e9d6052ef96c6d7675d83f250c968302bad733d3b56ed9ea424e46a5679a961d,419,848,healthy_leaves_01.jpg,True,folder_derived_unverified,,Thumbnail screening; no pathogen diagnosis or absence-of-disease confirmation.,exclude_conflicting_folder_labels,G01
K130,HEALTHY LEAVES/1039.JPG.jpeg,HEALTHY LEAVES,False,53ed1c9477486a1732ad381c1364820ee74c1bab62d2492edca682b4bea4c45f,0d75f8477966ffc4be6743c466eb652e75d93ac173a762c68d63c78184ae0dfe,349,841,healthy_leaves_01.jpg,True,folder_derived_unverified,,Thumbnail screening; no pathogen diagnosis or absence-of-disease confirmation.,candidate_pending_label_verification,
K131,HEALTHY LEAVES/1041.JPG.jpeg,HEALTHY LEAVES,False,ea2a304bb561051d17df8509206bd94290facec7453886d3390e31f43fe188d1,39b8b3bd08c067b42cb0efd02a787f163a7c0445218d9aed0abdd52c776c554f,340,692,healthy_leaves_01.jpg,True,folder_derived_unverified,,Thumbnail screening; no pathogen diagnosis or absence-of-disease confirmation.,candidate_pending_label_verification,
K132,HEALTHY LEAVES/1043.JPG.jpeg,HEALTHY LEAVES,False,6aad41d6fd45f1fa599ae7704358bab71ad15dd403dcaeab7bbb1e0e1469bc38,739acca1aa9ef2b09c28321795489dc47a98c19cf833d94e27097e38ecbd80eb,366,855,healthy_leaves_01.jpg,True,folder_derived_unverified,,Thumbnail screening; no pathogen diagnosis or absence-of-disease confirmation.,candidate_pending_label_verification,
K133,HEALTHY LEAVES/1044.JPG.jpeg,HEALTHY LEAVES,False,315b1512e4b88cd6324be6a79bf67e738699cb6abe3476516b0dc5902ab48fda,e5617094f59aad20d7c90a0de818d1733425ce72da0870c1a0c9a8ff798d7eb4,350,840,healthy_leaves_02.jpg,True,folder_derived_unverified,,Thumbnail screening; no pathogen diagnosis or absence-of-disease confirmation.,candidate_pending_label_verification,
K134,HEALTHY LEAVES/1045.JPG.jpeg,HEALTHY LEAVES,False,1df28cf879ff95ffe14687c90747ab1ecdc48a47c830f376eb19b11d663e3f50,ac2f7993e9025a1b6005c64c7f21229b8511555ab6a8140b65739376cbe033a9,490,928,healthy_leaves_02.jpg,True,folder_derived_unverified,,Thumbnail screening; no pathogen diagnosis or absence-of-disease confirmation.,candidate_pending_label_verification,
K135,HEALTHY LEAVES/1046.JPG.jpeg,HEALTHY LEAVES,False,492be4f9b55bb329fbc0846ece5ad9de0ed15eea8171acde788c72b2bcf36fc9,3980a085dd7a2ea1ac99e5c72dad4a556eb9d0440913fba3e6e855f2d0d0db9c,362,554,healthy_leaves_02.jpg,True,folder_derived_unverified,,Thumbnail screening; no pathogen diagnosis or absence-of-disease confirmation.,candidate_pending_label_verification,
K136,HEALTHY LEAVES/1047.JPG.jpeg,HEALTHY LEAVES,False,6bb2c77f073ab10f38ef1af66a7dee09a47775d3854c72bbc59c4c094cfbbc7d,8908d21f2bbbcc1a45b361c580dc36996fa78c3e11ddb031bf0996437a142857,457,717,healthy_leaves_02.jpg,True,folder_derived_unverified,,Thumbnail screening; no pathogen diagnosis or absence-of-disease confirmation.,candidate_pending_label_verification,
K137,HEALTHY LEAVES/1049.JPG.jpeg,HEALTHY LEAVES,False,efe2c5012faefb896e7544fe905e79cfaa26ce0eb3389f48c9805c3beba9cdcc,8f211481030515f2ec3877a24a9137fcd0267012be8750e31b94756bfc81af67,315,574,healthy_leaves_02.jpg,True,folder_derived_unverified,,Thumbnail screening; no pathogen diagnosis or absence-of-disease confirmation.,candidate_pending_label_verification,
K138,HEALTHY LEAVES/1052.JPG.jpeg,HEALTHY LEAVES,False,94d252cee3f3ca8e3bcba5cd934d13bcef543f3e98ed17404c7fa131b5153736,36ed0268afc1ff80a15a20705fafaedbfed96fe765e485f5986fd47dfafd4f82,278,555,healthy_leaves_02.jpg,True,folder_derived_unverified,,Thumbnail screening; no pathogen diagnosis or absence-of-disease confirmation.,candidate_pending_label_verification,
K139,HEALTHY LEAVES/1053.JPG.jpeg,HEALTHY LEAVES,False,c86770e6b666df56b71e85c587bf679cda6bf8e39be0904afd55e299415eb215,1949a7cae4bd1cd6735d437dfee1a128630609306fb9edb4ca0eeb52093b5d04,262,709,healthy_leaves_02.jpg,True,folder_derived_unverified,,Thumbnail screening; no pathogen diagnosis or absence-of-disease confirmation.,candidate_pending_label_verification,
K140,HEALTHY LEAVES/1054.JPG.jpeg,HEALTHY LEAVES,False,69c0fb8cf0cddbffd91181e566964f3e076a0528555506c7b6cf2e061bc29473,fff5d90a9047013e7ba57f39d424fa09617213a6911ac280edbc3ac8f2d3975c,288,756,healthy_leaves_02.jpg,True,folder_derived_unverified,,Thumbnail screening; no pathogen diagnosis or absence-of-disease confirmation.,candidate_pending_label_verification,
K141,HEALTHY LEAVES/1055.JPG.jpeg,HEALTHY LEAVES,False,6b8415824d4b9d3b909708cb5d4f090b879944a16f883d002fad6be0a5318593,711845e1aa62cd93e8025afa61560fbd7a5450e453f21139c55c2a1aad380d1a,355,787,healthy_leaves_02.jpg,True,folder_derived_unverified,,Thumbnail screening; no pathogen diagnosis or absence-of-disease confirmation.,candidate_pending_label_verification,
K142,HEALTHY LEAVES/1056.JPG.jpeg,HEALTHY LEAVES,False,49c7210124e68a42f43d577c90d773e6f5518ef37a363ef1757134243ad842a7,d2e4985591911299256a09f463f2b336dbdeacf8ec57cd3c42d72cf15a5890ad,209,523,healthy_leaves_02.jpg,True,folder_derived_unverified,,Thumbnail screening; no pathogen diagnosis or absence-of-disease confirmation.,candidate_pending_label_verification,
K143,HEALTHY LEAVES/1057.jpg.jpeg,HEALTHY LEAVES,False,b9d2747e32eba98736a27632d5b8580cf3a95caa0bf39660b2ebc2ab2d2c7ac9,44327e23da9fa8bc916313b148324203c5d7db96609dacb4c86bb965f5c692d1,164,561,healthy_leaves_02.jpg,True,folder_derived_unverified,,Thumbnail screening; no pathogen diagnosis or absence-of-disease confirmation.,candidate_pending_label_verification,
K144,HEALTHY LEAVES/1060.jpg.jpeg,HEALTHY LEAVES,False,09e75a35d87e4fec98728d51469711e1bfa75f5c28f2861b9f4d711b014c4ee0,c80125dd173034901fbce3369c6b5fcede8102acc996f50ce8b093ce4e1dee24,339,813,healthy_leaves_02.jpg,True,folder_derived_unverified,,Thumbnail screening; no pathogen diagnosis or absence-of-disease confirmation.,candidate_pending_label_verification,
K145,HEALTHY LEAVES/1062.jpg.jpeg,HEALTHY LEAVES,False,d48733a369bb58129cfa87648784c488af8bd0596a89d86e8e65688b5552dc31,0b356ba02df480287758e792d30ac2cb5557c51c8ec877b5053a592b306de66e,421,718,healthy_leaves_02.jpg,True,folder_derived_unverified,,Thumbnail screening; no pathogen diagnosis or absence-of-disease confirmation.,exclude_conflicting_folder_labels,G02
K146,HEALTHY LEAVES/1063.jpg.jpeg,HEALTHY LEAVES,False,4b36e40a21112054e99a36b4f36e24b742afa237fa6e7ff4726ec82d6e291fb6,ec07ca9365b2d9f4d6cab3d38b929c12b1799a18e129eaff76ea9911c9277f38,275,556,healthy_leaves_02.jpg,True,folder_derived_unverified,,Thumbnail screening; no pathogen diagnosis or absence-of-disease confirmation.,candidate_pending_label_verification,
K147,HEALTHY LEAVES/1065.jpg.jpeg,HEALTHY LEAVES,False,b1a3e7b0d04674c603411f2ddcea2f17d9ca6de4231cfd7fcdc799535a13cc30,27cdce7cdda4aad4ce3d3acc3bb1b26ef2cb93a5988916386e610741149e8451,360,862,healthy_leaves_02.jpg,True,folder_derived_unverified,,Thumbnail screening; no pathogen diagnosis or absence-of-disease confirmation.,candidate_pending_label_verification,
K148,HEALTHY LEAVES/1066.jpg.jpeg,HEALTHY LEAVES,False,f6b4d8fe40c7f414380eba2292793be978074b16bfa928ec4efcc601a7c90ef8,a0afc3c50ca7da7a3c6505d2c36ab98fc3fdfa24cd8f7e1fa1edfe5fa7067590,352,723,healthy_leaves_02.jpg,True,folder_derived_unverified,,Thumbnail screening; no pathogen diagnosis or absence-of-disease confirmation.,candidate_pending_label_verification,
K149,HEALTHY LEAVES/1068.jpg.jpeg,HEALTHY LEAVES,False,218857e5a6182b1181b82e82384fbefa4d43d801e3991b7e84c0044a7e2351e3,fd57d6d685dc4882b08a090aa200fd8c56011d7d53b1aeb96214fda10622ac55,232,771,healthy_leaves_02.jpg,True,folder_derived_unverified,,Thumbnail screening; no pathogen diagnosis or absence-of-disease confirmation.,candidate_pending_label_verification,
K150,HEALTHY LEAVES/1069.jpg.jpeg,HEALTHY LEAVES,False,216072d4fd7a9d33efb09fe1135294044840061382f90adae74d3661c4c2750a,63bb5600c96f8717dfe25370997dfe2959390e71d7ec322e3931c97e4b14923d,327,778,healthy_leaves_02.jpg,True,folder_derived_unverified,,Thumbnail screening; no pathogen diagnosis or absence-of-disease confirmation.,candidate_pending_label_verification,
K151,HEALTHY LEAVES/1070.jpg.jpeg,HEALTHY LEAVES,False,1ac1cab8a5e7c78bb58310c5234a5ca4f6e4835fbd6b29cb91f139747f540e23,130fbb50db2c3e3b99713f68bac3c5dcd3470e6e946c46e482d629dc48c30428,430,974,healthy_leaves_02.jpg,True,folder_derived_unverified,,Thumbnail screening; no pathogen diagnosis or absence-of-disease confirmation.,exclude_conflicting_folder_labels,G03
K152,HEALTHY LEAVES/1072.jpg.jpeg,HEALTHY LEAVES,False,05633e5820ab288e34a95a496c7f6cb3e3a662eb8afc4e32fb5b8382fb7606c7,7ad01176f3cfc574fd45d0c36e307ad7197707a50ff848f30baafbd0c0b64f02,398,1023,healthy_leaves_02.jpg,True,folder_derived_unverified,,Thumbnail screening; no pathogen diagnosis or absence-of-disease confirmation.,candidate_pending_label_verification,
K153,HEALTHY LEAVES/1076.jpg.jpeg,HEALTHY LEAVES,False,66d3a16a264ccf12e7b576e3b496c9d227be80cf82a7e68ccfd67c09cb1be638,e980e639f138155ad9a7ba161e6b3f6afd9d7b850ced080731051adfa104f8a8,349,740,healthy_leaves_02.jpg,True,folder_derived_unverified,,Thumbnail screening; no pathogen diagnosis or absence-of-disease confirmation.,candidate_pending_label_verification,
K154,HEALTHY LEAVES/1078.jpg.jpeg,HEALTHY LEAVES,False,02ed0f499e4251ca41fbfa696157fb8ecd8c870c95bd844d0e30c852975f3807,aae287539e36d6c5abf2b6b570e28a34987494cd27a3c45d5a4c5ef9d3bbebce,396,937,healthy_leaves_02.jpg,True,folder_derived_unverified,,Thumbnail screening; no pathogen diagnosis or absence-of-disease confirmation.,candidate_pending_label_verification,
K155,SCAB LEAVES/1011.JPG.jpeg,SCAB LEAVES,False,a5bb8658de2afaf8384d3832d1c12b7d00ef47a1ddef57baae928f560cd004a7,05f9b61dbc924061b630ece1a9f6c20b5747bf72c5664938b59f1998ff8e9fcc,354,938,scab_leaves_01.jpg,True,folder_derived_unverified,,Thumbnail screening; no pathogen diagnosis or absence-of-disease confirmation.,candidate_pending_label_verification,
K156,SCAB LEAVES/1012.JPG.jpeg,SCAB LEAVES,False,a2b7458f27c3d40f83d7849c7e47760be0fb1f17fc72c4a81673c450ebd4aef5,590a2eb732c995b76e422dbca28eae19f9d94be3326137616eafe57b72522a4b,305,722,scab_leaves_01.jpg,True,folder_derived_unverified,,Thumbnail screening; no pathogen diagnosis or absence-of-disease confirmation.,candidate_pending_label_verification,
K157,SCAB LEAVES/1013.JPG.jpeg,SCAB LEAVES,False,66a79cfe157bee91e28683614fe0adee2aa10c93d6546e309872c680021c60f1,94f0ae0a95b36b8d56d22b4548c52fcb4b360c51747143c78e9f400ed78d2905,416,822,scab_leaves_01.jpg,True,folder_derived_unverified,,Thumbnail screening; no pathogen diagnosis or absence-of-disease confirmation.,candidate_pending_label_verification,
K158,SCAB LEAVES/1016.JPG.jpeg,SCAB LEAVES,False,7ed1a20da96c6f40a5c6e055f88c554e3dfdbedc56b6e8b4c7565d73a2cbe217,3a029c5ddcce1a5fa8ba529d14f13094d1f67add13d39f43f8bde56a91d2fe80,219,498,scab_leaves_01.jpg,True,folder_derived_unverified,,Thumbnail screening; no pathogen diagnosis or absence-of-disease confirmation.,candidate_pending_label_verification,
K159,SCAB LEAVES/1022.JPG.jpeg,SCAB LEAVES,False,f4f1e6af6bac3658d2ca7d2e53462e6ed28c19d53a1c2addd636393fb09aaee9,65e3fefdaf9be68d9b28044be455df8a9722a3b227916ff09aeb7e13771e5746,307,618,scab_leaves_01.jpg,True,folder_derived_unverified,,Thumbnail screening; no pathogen diagnosis or absence-of-disease confirmation.,candidate_pending_label_verification,
K160,SCAB LEAVES/1025.JPG.jpeg,SCAB LEAVES,False,4635c334e60ef8d3c684941fa4121dddd4caa92abd1bfc0b47580d86b00fb804,5b1a7da92b4c881dcafd7f5eb0e5362645e54c8c84a6b6ea319aa2b2b6e15b79,379,827,scab_leaves_01.jpg,True,folder_derived_unverified,,Thumbnail screening; no pathogen diagnosis or absence-of-disease confirmation.,candidate_pending_label_verification,
K161,SCAB LEAVES/1027.JPG.jpeg,SCAB LEAVES,False,4311d1ec49c56d2be8392963678f018175b8ffee06e8f2b3b3866160f1c11d16,b178ec2b93e3e614b88f7088c1edb3761b019d7d9ccf73a1970ea7a1084bbd0c,370,965,scab_leaves_01.jpg,True,folder_derived_unverified,,Thumbnail screening; no pathogen diagnosis or absence-of-disease confirmation.,candidate_pending_label_verification,
K162,SCAB LEAVES/1028.JPG.jpeg,SCAB LEAVES,False,34e406c1e9cfd7164eda01808534e456c6216b35348b816875f02026fbd0922b,b57e8e9b21567250a49d8bd4fd353e530e3e1e3361787e201eb8df5918eaedc6,309,592,scab_leaves_01.jpg,True,folder_derived_unverified,,Thumbnail screening; no pathogen diagnosis or absence-of-disease confirmation.,candidate_pending_label_verification,
K163,SCAB LEAVES/1029.JPG.jpeg,SCAB LEAVES,False,cd9135ac78dba6f4bda2107ba82ea5bf4319d0241e951a26931aaa68cf393d66,06359cd70b18285d47fc8ac9790062b883061c8b35a1ebf4e391159580e241fa,346,786,scab_leaves_01.jpg,True,folder_derived_unverified,,Thumbnail screening; no pathogen diagnosis or absence-of-disease confirmation.,candidate_pending_label_verification,
K164,SCAB LEAVES/1030.JPG.jpeg,SCAB LEAVES,False,44d5128b532ecfb2580115669170dfafefcf6ecdd389791bec1a9110738dea1c,ff07688ae7bb6a3f76e1adcdab76b24d720f28eada5a255db9e062ba303081a3,362,828,scab_leaves_01.jpg,True,folder_derived_unverified,,Thumbnail screening; no pathogen diagnosis or absence-of-disease confirmation.,candidate_pending_label_verification,
K165,SCAB LEAVES/1031.JPG.jpeg,SCAB LEAVES,False,c623cafe7986fcf1ef9989feeb016bdeacc61efe2020cef083e36cb7592b3d5f,ff84c785a871862b8672e6441903f82cfc3920275d4a799ce9071c8074a7c79a,361,818,scab_leaves_01.jpg,True,folder_derived_unverified,,Thumbnail screening; no pathogen diagnosis or absence-of-disease confirmation.,candidate_pending_label_verification,
K166,SCAB LEAVES/1033.JPG.jpeg,SCAB LEAVES,False,2615bbc0e6222631965d56374fc53a99f6543a7f92b3081a95bb73adfe6e11df,7b7d346d29b75417a89241100c8fd3cd296ca0257ad031f4b74c1ab343b91dcf,397,845,scab_leaves_01.jpg,True,folder_derived_unverified,,Thumbnail screening; no pathogen diagnosis or absence-of-disease confirmation.,candidate_pending_label_verification,
K167,SCAB LEAVES/1037.JPG.jpeg,SCAB LEAVES,False,5941225868ba42b6ad1f465799d72eb633a21379094aa1f459d5ed0fa23fd659,ec573ae491105a5305d07e39ea93894c75d953c6f068dfad3e628d219c72abc5,408,963,scab_leaves_01.jpg,True,folder_derived_unverified,,Thumbnail screening; no pathogen diagnosis or absence-of-disease confirmation.,candidate_pending_label_verification,
K168,SCAB LEAVES/1038.JPG.jpeg,SCAB LEAVES,False,b26b06eb421eee7bf461000609a956b484da8935afba073bd09e872d7b2d637f,69c2c58fa9b1ad51f6039fe8ba5d3a5deb16e13a7efee74aae54561f1e69020f,433,1017,scab_leaves_01.jpg,True,folder_derived_unverified,,Thumbnail screening; no pathogen diagnosis or absence-of-disease confirmation.,candidate_pending_label_verification,
K169,SCAB LEAVES/1040.JPG.jpeg,SCAB LEAVES,False,48c03c59e4228d0be33a4665803fc12c14a1e004c01e53324fbae981496601cf,aa829d93d888c7bd4d1e60308eb7632f1651ae82c22fe40e77f63c1dedacd6ae,390,859,scab_leaves_01.jpg,True,folder_derived_unverified,,Thumbnail screening; no pathogen diagnosis or absence-of-disease confirmation.,candidate_pending_label_verification,
K170,SCAB LEAVES/1042.JPG.jpeg,SCAB LEAVES,False,12ef30b81c9d7ae0da39003b8f440286a5a81340e70b0eb8abb0a1c85411eae6,4bdfcf423854d873379c2371b9e47829d7921a9fd4f3d592f099cdad63bf5970,464,767,scab_leaves_01.jpg,True,folder_derived_unverified,,Thumbnail screening; no pathogen diagnosis or absence-of-disease confirmation.,candidate_pending_label_verification,
K171,SCAB LEAVES/1048.JPG.jpeg,SCAB LEAVES,False,c63c89ec0236e28006bc460891a09bd60334b2b8828ab05622ee2376ac0a0e85,3019ebdbc219f84d1adce42021aad2ba222c9bca8a4f4267c0643fc086ac8211,379,848,scab_leaves_01.jpg,True,folder_derived_unverified,,Thumbnail screening; no pathogen diagnosis or absence-of-disease confirmation.,candidate_pending_label_verification,
K172,SCAB LEAVES/1050.JPG.jpeg,SCAB LEAVES,False,531b65e5ac9e65ade673ca6460e065b6fa665f57446f73c68f2a673a6656048a,60a8d3fd1d8262f675a9e9764353ef34988d6cd9d9abaf6b717c0c8b930b539c,294,615,scab_leaves_01.jpg,True,folder_derived_unverified,,Thumbnail screening; no pathogen diagnosis or absence-of-disease confirmation.,candidate_pending_label_verification,
K173,SCAB LEAVES/1051.JPG.jpeg,SCAB LEAVES,False,4143ea205ab07f9d6eda3ee8c4f9f75f449c32cc68f0793dcce8e78dd92e3c74,3436338eb0910057c2c5e96036737975e5f1d0c531c22e30289e04f20da3a255,342,675,scab_leaves_01.jpg,True,folder_derived_unverified,,Thumbnail screening; no pathogen diagnosis or absence-of-disease confirmation.,candidate_pending_label_verification,
K174,SCAB LEAVES/1059.jpg.jpeg,SCAB LEAVES,False,0ef8e32aad49c0efbf4dbe34db3b66705acff56f2be02852a3cf19dfd2f49027,86b7a8143e010dd47a6e0c59ad527d4dc71b8140aa51d1d85b5d45fd155f2f1b,419,892,scab_leaves_01.jpg,True,folder_derived_unverified,,Thumbnail screening; no pathogen diagnosis or absence-of-disease confirmation.,candidate_pending_label_verification,
K175,SCAB LEAVES/1085.jpg.jpeg,SCAB LEAVES,False,d95311812f6993d74b0a0be59a8614ed32be3abe3af9bec00b09b90dda459e5f,088b14bed6b449848b964aa96b3fe9e178214e1afee2256168c51f7efa03bc5e,268,522,scab_leaves_01.jpg,True,folder_derived_unverified,,Thumbnail screening; no pathogen diagnosis or absence-of-disease confirmation.,candidate_pending_label_verification,
K176,SCAB LEAVES/1090.jpg.jpeg,SCAB LEAVES,False,be7785d16dc1c99581ce3695b6690890a6b056d8d9e52ac1b87717fa2b9f52f9,29867510f62bd51a781ae4d4abc70bca61f26549cd8f59c6f281d17bfc1dfa7d,303,603,scab_leaves_01.jpg,True,folder_derived_unverified,,Thumbnail screening; no pathogen diagnosis or absence-of-disease confirmation.,exclude_conflicting_folder_labels,G04
K177,SCAB LEAVES/1091.jpg.jpeg,SCAB LEAVES,False,7a7efaee548fb75aa16de71d39f8c3331d00bf5db08700853db4d2b822977e1e,2e5ec8014caa794b027daa73b3b7ede3921c417d0a33460163e6b471c70d5ab2,361,602,scab_leaves_01.jpg,True,folder_derived_unverified,,Thumbnail screening; no pathogen diagnosis or absence-of-disease confirmation.,candidate_pending_label_verification,
K178,SCAB LEAVES/2001.jpg.jpeg,SCAB LEAVES,False,2b46b4b1c55c8adc87b13b91c388b4880d6f7c36971b21b0c7a0ae8265725d81,39c120fcbb680952820ff8aece67e73d326726d442b7e65c9c895b0ffceb9549,271,529,scab_leaves_01.jpg,True,folder_derived_unverified,,Thumbnail screening; no pathogen diagnosis or absence-of-disease confirmation.,candidate_pending_label_verification,
K179,SCAB LEAVES/2004.jpg.jpeg,SCAB LEAVES,False,1ca4237627b1445526010f96daa5105f8f55077fa32055583167dacbf68945af,d33b82be08be5379c12c63cd8bc847100d1fae9b2bf07de82e44cd72ce6dbd3e,342,686,scab_leaves_02.jpg,True,folder_derived_unverified,,Thumbnail screening; no pathogen diagnosis or absence-of-disease confirmation.,candidate_pending_label_verification,
K180,SCAB LEAVES/2011.jpg.jpeg,SCAB LEAVES,False,74e1cb72bd37e15e0d3726fc57b6817fdb4131dc7305ab78814c4569846643e2,96a12a3ca9d6836a0ef9cc588cbb0749588069531d1ea5351dafe0987b74beb6,373,613,scab_leaves_02.jpg,True,folder_derived_unverified,,Thumbnail screening; no pathogen diagnosis or absence-of-disease confirmation.,candidate_pending_label_verification,
K181,SCAB LEAVES/2021.jpg.jpeg,SCAB LEAVES,False,4ddb1825d9c2f40e50a79732c896d702f803a9c0b9dde045b24d0dbd152f2d4d,31fccccffe553609e827a10fa3281c9b0af8581738b0402d82960560f98800f0,281,519,scab_leaves_02.jpg,True,folder_derived_unverified,,Thumbnail screening; no pathogen diagnosis or absence-of-disease confirmation.,candidate_pending_label_verification,
K182,SCAB LEAVES/2033.jpg.jpeg,SCAB LEAVES,False,e9561c0ca20d34de5f8dd5d2378e3447276f7b0dfcd13da142cd292d8083fffa,42def1264782a86db6ec1557d1c77c9359e670e13e8d518178671a379105f487,379,882,scab_leaves_02.jpg,True,folder_derived_unverified,,Thumbnail screening; no pathogen diagnosis or absence-of-disease confirmation.,candidate_pending_label_verification,
K183,SCAB LEAVES/2038.jpg.jpeg,SCAB LEAVES,False,ac5665cc5298704b870e524f2feef80e529d440538caaa81774349d01e3e1b1f,4a35691ac5df8e3cac77ba5c7d2a559fac8fc233bcd7a0217d49a856ee210e60,376,648,scab_leaves_02.jpg,True,folder_derived_unverified,,Thumbnail screening; no pathogen diagnosis or absence-of-disease confirmation.,candidate_pending_label_verification,
K184,SCAB LEAVES/2039.jpg.jpeg,SCAB LEAVES,False,4ed06def2ae7740a8822aabbf68e3a902459f43a997ed1d8592c06ad502d914c,b4d85ca9c2839673ac18d8a06ba76e9355c1399923f2a6b12094067c6f7a2577,450,827,scab_leaves_02.jpg,True,folder_derived_unverified,,Thumbnail screening; no pathogen diagnosis or absence-of-disease confirmation.,candidate_pending_label_verification,
K185,SCAB LEAVES/2043.jpg.jpeg,SCAB LEAVES,False,3d265acede340b45067ebdd8b94d88039448fda36f2984bde307bcc9303fdc0f,fc2da53886dfb63b9321b341d7401206b6568043f5a92d7dd4073cd6fc1855ef,365,683,scab_leaves_02.jpg,True,folder_derived_unverified,,Thumbnail screening; no pathogen diagnosis or absence-of-disease confirmation.,candidate_pending_label_verification,
K186,SCAB LEAVES/2051.jpg.jpeg,SCAB LEAVES,False,536f83a4649c64cb260dbc743bdd6fec365d0b54adc2e83b6d03d0949a0da9d2,79ab7da2b125b0277ad68700f11aa4b3c03629a2d2eb33cabf458780cecb6247,447,1108,scab_leaves_02.jpg,True,folder_derived_unverified,,Thumbnail screening; no pathogen diagnosis or absence-of-disease confirmation.,candidate_pending_label_verification,
K187,SCAB LEAVES/2059.JPG.jpeg,SCAB LEAVES,False,0239d49b92a7645ee3c1bb094e96633cf6f38df8b584ba3d3559eb77829c92d7,ffcbfc11a71be9c0a4517fbf30b73e7d046d4077ca47d71a489c853c1860e1e2,567,1259,scab_leaves_02.jpg,True,folder_derived_unverified,,Thumbnail screening; no pathogen diagnosis or absence-of-disease confirmation.,candidate_pending_label_verification,
K188,SCAB LEAVES/2070.jpg.jpeg,SCAB LEAVES,False,10fe8b5969b6e27b2b2e27816c24ee2706c92f28778fd4c7477eb5b8d2484880,14bf8e7d00f5aa9ef8bb9974f0f4940615968aa1e91e00966e3c91ed0b611491,269,631,scab_leaves_02.jpg,True,folder_derived_unverified,,Thumbnail screening; no pathogen diagnosis or absence-of-disease confirmation.,candidate_pending_label_verification,
K189,SCAB LEAVES/2074.jpg.jpeg,SCAB LEAVES,False,99e86dfc34385ce635d40b15f3ed4a19413132382d2befbe0ae58146f3cd2f90,506b8297811bd7734698f215bde33706c0681adbc289d94cced56f06b9943e59,259,454,scab_leaves_02.jpg,True,folder_derived_unverified,,Thumbnail screening; no pathogen diagnosis or absence-of-disease confirmation.,candidate_pending_label_verification,
K190,SCAB LEAVES/2080.jpg.jpeg,SCAB LEAVES,False,0e267d6959a79ccff549e9535ec8817cfaf9532402ea04e1880f2cb980af5d3a,907eca7fb076daf39b5bfb2219669eed402c9e80903597e6b94a214ac3a4f574,329,550,scab_leaves_02.jpg,True,folder_derived_unverified,,Thumbnail screening; no pathogen diagnosis or absence-of-disease confirmation.,candidate_pending_label_verification,
K191,SCAB LEAVES/2081.jpg.jpeg,SCAB LEAVES,False,cc43d59fc9faecc623e61c1a608940a6ff4aa562e2df9c3598392067d37c5688,7ee7c68e311ca0d01d766ebb990d70a25ce089f4da31f92ef75d230168af9820,340,712,scab_leaves_02.jpg,True,folder_derived_unverified,,Thumbnail screening; no pathogen diagnosis or absence-of-disease confirmation.,candidate_pending_label_verification,
K192,SCAB LEAVES/2082.jpg.jpeg,SCAB LEAVES,False,e5bacabd622468da021e9a82f92a3d5e1ac324337004048c1562575817039477,3f7c8e30d9bf0f655ee72b3b4ee32cd79b71aaff7edce46bc310cb4b196639e9,371,799,scab_leaves_02.jpg,True,folder_derived_unverified,,Thumbnail screening; no pathogen diagnosis or absence-of-disease confirmation.,candidate_pending_label_verification,
K193,SCAB LEAVES/2091.jpg.jpeg,SCAB LEAVES,False,297fa19b94c65bc7574bffeab117fbccac40b7255a0e04d31ed744d3fbd4710b,1174e9b51b2ee6c7a09a48a6938195be15759f291b90f9a4d073ff98ee21f554,341,467,scab_leaves_02.jpg,True,folder_derived_unverified,,Thumbnail screening; no pathogen diagnosis or absence-of-disease confirmation.,candidate_pending_label_verification,
K194,SCAB LEAVES/3000.jpg.jpeg,SCAB LEAVES,False,b875d05e6f8a3ddc773556223830529dc1fe510e1c163d233c41e6b03d427805,c29e7f18792313e34d7c232779b9f63ca0c356a053a9c72b6075cc2a1fa1c2f4,470,708,scab_leaves_02.jpg,True,folder_derived_unverified,,Thumbnail screening; no pathogen diagnosis or absence-of-disease confirmation.,candidate_pending_label_verification,
K195,SCAB LEAVES/3003.jpg.jpeg,SCAB LEAVES,False,070f9265e555c27532fa4193b93dafd12d1a1cf2344051f3e33ed3a394729255,d9c3fc4d8f5fc7f1fff6bb38a7c7ba20fba320288a154bfc3451f9eee1f74039,544,953,scab_leaves_02.jpg,True,folder_derived_unverified,,Thumbnail screening; no pathogen diagnosis or absence-of-disease confirmation.,candidate_pending_label_verification,
K196,SCAB LEAVES/3006.jpg.jpeg,SCAB LEAVES,False,caa501db68b748da6374c62f387eab13241ddda6b7a1022e844c545ed8415374,c650b8be3c2f799013125f8480358bf2a7b68e84daea865d200ff0cfdebd2a75,409,915,scab_leaves_02.jpg,True,folder_derived_unverified,,Thumbnail screening; no pathogen diagnosis or absence-of-disease confirmation.,candidate_pending_label_verification,
K197,SCAB LEAVES/3012.jpg.jpeg,SCAB LEAVES,False,e1d9fa96a4e6ccb9ee3806b5c8072a361fdf4ff5143664ad142630352c014c1c,8d2d8e1fad35f38468da6aaf126d39177234a4fb27c57b8af92460f8e57a31c8,314,794,scab_leaves_02.jpg,True,folder_derived_unverified,,Thumbnail screening; no pathogen diagnosis or absence-of-disease confirmation.,candidate_pending_label_verification,
K198,SCAB LEAVES/3022.JPG.jpeg,SCAB LEAVES,False,16129d4cbabf69c9afb3335a877a014f15cc050d69deb0a001b3abd83653f18d,85d535464b8fd428bbd18dcbe314dd3ed1dbae2a0f1fe40e0c04fd62656a9812,431,1062,scab_leaves_02.jpg,True,folder_derived_unverified,,Thumbnail screening; no pathogen diagnosis or absence-of-disease confirmation.,candidate_pending_label_verification,
K199,SCAB LEAVES/3028.JPG.jpeg,SCAB LEAVES,False,e4afc97cb7761ad719e840aef9b8600a791ccf5b5edf3495a1655858db889957,661209a0711de5d4d1d3675b58300ff42203a97a46257b3b881a9d410023d1c6,672,1060,scab_leaves_02.jpg,True,folder_derived_unverified,,Thumbnail screening; no pathogen diagnosis or absence-of-disease confirmation.,candidate_pending_label_verification,
K200,SCAB LEAVES/3036.JPG.jpeg,SCAB LEAVES,False,08231864b69aa11ee618a4bb853a4e785a54f9ae29ace513830ec3e28313c5fb,7c0a808b7ad22166449bed05320e99d08ba86ccb1bec88a3145a7085999aba1c,630,1095,scab_leaves_02.jpg,True,folder_derived_unverified,,Thumbnail screening; no pathogen diagnosis or absence-of-disease confirmation.,candidate_pending_label_verification,
K201,SCAB LEAVES/3037.JPG.jpeg,SCAB LEAVES,False,11bd5e39b18421293486ff2d3b197517455fe8111a38137e6dac53aac9cab2d1,b84b678db13361d9cdb3ea396f2c3143aa249ff7e0b2a0d1b9d0cef285234ecf,239,614,scab_leaves_02.jpg,True,folder_derived_unverified,,Thumbnail screening; no pathogen diagnosis or absence-of-disease confirmation.,candidate_pending_label_verification,
K202,SCAB LEAVES/3039.JPG.jpeg,SCAB LEAVES,False,735590f4eebea8c468a91112175b42bb71ac5f991b2c3a1079616cb071bef797,52eccab0962f851cdfd09acebbdba22e36b6435907e38d50e3acbf2cbb59300e,577,925,scab_leaves_02.jpg,True,folder_derived_unverified,,Thumbnail screening; no pathogen diagnosis or absence-of-disease confirmation.,candidate_pending_label_verification,
K203,SCAB LEAVES/3040.JPG.jpeg,SCAB LEAVES,False,3651c3a41f2b04134c662bb6d5b94a59786a574083fd55433a1828407ec410bf,264e95cce5d6a63fe43f96ceb748c685e6399fa45a8484e8ccf681c6cf8acc07,450,824,scab_leaves_03.jpg,True,folder_derived_unverified,,Thumbnail screening; no pathogen diagnosis or absence-of-disease confirmation.,candidate_pending_label_verification,
K204,SCAB LEAVES/3044.JPG.jpeg,SCAB LEAVES,False,a8f7bed04c80476b08f87ab545f2f3d2198878665438a17c1ef5facd6db6fc30,ecd9db1c8176331296ea2f88ea4d755ce2f03be59afe37a51184541b129deb99,463,709,scab_leaves_03.jpg,True,folder_derived_unverified,,Thumbnail screening; no pathogen diagnosis or absence-of-disease confirmation.,candidate_pending_label_verification,
K205,SCAB LEAVES/3048.JPG.jpeg,SCAB LEAVES,False,b29d1100527fc5742ef700fbeb7c2664398c6b2dfd30373807fddd2e2cd25aab,7bf1759a818b1d84dc6b2b94e128ca9801d618995dc0a0ab7af566d85faec532,470,648,scab_leaves_03.jpg,True,folder_derived_unverified,,Thumbnail screening; no pathogen diagnosis or absence-of-disease confirmation.,candidate_pending_label_verification,
K206,SCAB LEAVES/3050.JPG.jpeg,SCAB LEAVES,False,d14613496d176dad37ef51db5badad2a53f6ae24c33ba84f8d67da57344bf362,6130e6f2591b5cf25397f38d60cf19d09c055f4503af310949798b0e3e7b54d2,317,596,scab_leaves_03.jpg,True,folder_derived_unverified,,Thumbnail screening; no pathogen diagnosis or absence-of-disease confirmation.,candidate_pending_label_verification,
K207,SCAB LEAVES/3052.JPG.jpeg,SCAB LEAVES,False,b50b4b1510a6651575243aba0359417c4819928886ba949af52e7d245727bdcd,c29162975af40dfe14434b1213c6fd88c2723dd7a94bf073d1e7f2d56d91eb10,341,628,scab_leaves_03.jpg,True,folder_derived_unverified,,Thumbnail screening; no pathogen diagnosis or absence-of-disease confirmation.,candidate_pending_label_verification,
K208,SCAB LEAVES/3054.JPG.jpeg,SCAB LEAVES,False,9f151ffd38f04b683d1e50d9f33b2fc09ae774ac3b52f3587c6c7d1b63d6dc63,69adf6607ffa57a863dd0b2b3c495f6c073ee242a8ee4e81967f8bd089fdcaa8,288,604,scab_leaves_03.jpg,True,folder_derived_unverified,,Thumbnail screening; no pathogen diagnosis or absence-of-disease confirmation.,candidate_pending_label_verification,
K209,SCAB LEAVES/3057.JPG.jpeg,SCAB LEAVES,False,375f19b800188c64cd3f7801edad024d5d7e7524be378da44ca1c2a62cce8e2c,ec7eb5c0e24a4b41018fa398483303b2e338c3bd7b668d2972f4e1d16439a4e0,493,799,scab_leaves_03.jpg,True,folder_derived_unverified,,Thumbnail screening; no pathogen diagnosis or absence-of-disease confirmation.,candidate_pending_label_verification,
K210,SCAB LEAVES/3069.JPG.jpeg,SCAB LEAVES,False,4b36a1bda4152c5a41bb06d7092bf39328a75e9dd98672f63fcaa15b47cdfde7,25dcf9b5bf43a7c934b32b7793750c2ccbd61b1baea6b02c066fd48e650f80d9,540,783,scab_leaves_03.jpg,True,folder_derived_unverified,,Thumbnail screening; no pathogen diagnosis or absence-of-disease confirmation.,candidate_pending_label_verification,
K211,SCAB LEAVES/3075.JPG.jpeg,SCAB LEAVES,False,0f84388a036b2cdae8473308b4834cddf124f7f41fe8337135c775c7ff77bf0e,9b1dd342003da414e0a7291a225b838d8f48396bc2d699822f020fdddac38138,352,608,scab_leaves_03.jpg,True,folder_derived_unverified,,Thumbnail screening; no pathogen diagnosis or absence-of-disease confirmation.,candidate_pending_label_verification,
K212,SCAB LEAVES/3085.jpg.jpeg,SCAB LEAVES,False,e2b91699d9cdd443957a72e3258023dacbcc08fa51696eed55e3125aad121ddc,9d67cb24e96861c2e4072e290923384bcb863df77c0d27f6935c44578180dbea,397,802,scab_leaves_03.jpg,True,folder_derived_unverified,,Thumbnail screening; no pathogen diagnosis or absence-of-disease confirmation.,candidate_pending_label_verification,
K213,SCAB LEAVES/3086.jpg.jpeg,SCAB LEAVES,False,e2ce1defbb14445989659c5003d3b896c4f0e36302b782f7309a414b763847cc,1c61118dbcf299d45d087eb13b11560783c628f8869a592936db8012a0799b93,300,895,scab_leaves_03.jpg,True,folder_derived_unverified,,Thumbnail screening; no pathogen diagnosis or absence-of-disease confirmation.,candidate_pending_label_verification,
K214,SCAB LEAVES/3087.jpg.jpeg,SCAB LEAVES,False,a28ab47be7a936fd9a389e01429362af5ffcf9355bca34760250337cbd7bdfa9,6b4274159c42de25b59b5064d9ecfc376c193bebb498ba0a31dad7680ca5c90b,609,1024,scab_leaves_03.jpg,True,folder_derived_unverified,,Thumbnail screening; no pathogen diagnosis or absence-of-disease confirmation.,candidate_pending_label_verification,
K215,SCAB LEAVES/3091.jpg.jpeg,SCAB LEAVES,False,f3654324f418051f4529ec61f430d82a4427e9817b7ee6f34770b094cff03efd,40c16238fd6026a696add1b38be4c744e44e21514091ad7be474b9f913bc0c0b,505,919,scab_leaves_03.jpg,True,folder_derived_unverified,,Thumbnail screening; no pathogen diagnosis or absence-of-disease confirmation.,candidate_pending_label_verification,
K216,SCAB LEAVES/3092.jpg.jpeg,SCAB LEAVES,False,80d815bcb772fd70ffe650f5b27c30702f9311fe655d85b47b8578c8f95ad71f,1ff9d70288914156101183c35f2c439c2781da7c742dd3a55a6482a01f3e69b8,469,847,scab_leaves_03.jpg,True,folder_derived_unverified,,Thumbnail screening; no pathogen diagnosis or absence-of-disease confirmation.,candidate_pending_label_verification,
K217,SCAB LEAVES/3093.jpg.jpeg,SCAB LEAVES,False,d96b3866e5bde6dd2994c484db2c24486dd2807c860f8355fa13655b0d7d3773,82857ff780559967d9a0ed63af4a8defed1b0d5f2b365023ca263a3a59a21c9c,516,896,scab_leaves_03.jpg,True,folder_derived_unverified,,Thumbnail screening; no pathogen diagnosis or absence-of-disease confirmation.,candidate_pending_label_verification,
K218,SCAB LEAVES/3094.jpg.jpeg,SCAB LEAVES,False,fed2cf913f729e4f51bfc86a0d833af479c27e65d90ebf50e26697eb4951a9f3,640ff2aa50026b20e56e1e60d5d63bc2d111819fd09d2c6449bd7568c04f2bc5,570,909,scab_leaves_03.jpg,True,folder_derived_unverified,,Thumbnail screening; no pathogen diagnosis or absence-of-disease confirmation.,candidate_pending_label_verification,
K219,SCAB LEAVES/3095.jpg.jpeg,SCAB LEAVES,False,ee79c8f412fdd4e529caf6262b589ba2850fb61875cc562f0e3a2836aad402d7,24930af0b67e3a934c9d9bc389da903d43df7b0a12ea00791f48b4219e64ba01,614,851,scab_leaves_03.jpg,True,folder_derived_unverified,,Thumbnail screening; no pathogen diagnosis or absence-of-disease confirmation.,candidate_pending_label_verification,
K220,SCAB LEAVES/3097.jpg.jpeg,SCAB LEAVES,False,fcb6f4755ac7a17ae3356cac8ae95b9607f479fc81cc73b370bd04c8729eec48,c1f6d49c269a38f4a5cfeec31dbbae2f36ee9dfd654fabb70b61fe644a748e3a,572,1023,scab_leaves_03.jpg,True,folder_derived_unverified,,Thumbnail screening; no pathogen diagnosis or absence-of-disease confirmation.,candidate_pending_label_verification,
K221,SCAB LEAVES/3098.jpg.jpeg,SCAB LEAVES,False,63dcae2dd5ef4af5485d72e0820117a23936b3d5d618784ebffbf2ec6b426d4b,084b7ad55ae6bd57fbd046a92fc6c2d592948bbef9253b7286956643b5a62392,494,762,scab_leaves_03.jpg,True,folder_derived_unverified,,Thumbnail screening; no pathogen diagnosis or absence-of-disease confirmation.,candidate_pending_label_verification,
K222,SCAB LEAVES/3099.jpg.jpeg,SCAB LEAVES,False,67833fcd0f34c297be8c0b509fe8a8280108f48f431708b369beb66fcbef67c1,686c7848cd85e59db5d876a956dae8f82eaac68df01aebb544421d9c9b936ba3,424,890,scab_leaves_03.jpg,True,folder_derived_unverified,,Thumbnail screening; no pathogen diagnosis or absence-of-disease confirmation.,candidate_pending_label_verification,
K223,SCAB LEAVES/4001.jpg.jpeg,SCAB LEAVES,False,be818e4d2af8a22ca6b57ea3ce064fcd63e239fbded82f4253cc66676e237be5,cdf89fb4a95493b1e44864ace580d9fede8b99b66d14a54179c6a612a65e9a48,535,783,scab_leaves_03.jpg,True,folder_derived_unverified,,Thumbnail screening; no pathogen diagnosis or absence-of-disease confirmation.,candidate_pending_label_verification,
K224,SCAB LEAVES/4003.JPG.jpeg,SCAB LEAVES,False,954d4f9dab95ffe0915023d69b17b722f2f0bba283acbcd3fcdf0e3a4a79659f,8967330289e2c99ae918f5c7e92f34ddaef15629472513634a00c9551a4d2b86,830,1230,scab_leaves_03.jpg,True,folder_derived_unverified,,Thumbnail screening; no pathogen diagnosis or absence-of-disease confirmation.,candidate_pending_label_verification,
K225,SCAB LEAVES/4004.jpg.jpeg,SCAB LEAVES,False,d01d6adfe03e8081d7cf504aa1b39d02bb8d77939b08363bf2a3566659792ca5,799859738a70268b5202a4b39f4555f3660d44c401444f7c88d36a75b051ec64,795,1201,scab_leaves_03.jpg,True,folder_derived_unverified,,Thumbnail screening; no pathogen diagnosis or absence-of-disease confirmation.,candidate_pending_label_verification,
K226,SCAB LEAVES/4006.jpg.jpeg,SCAB LEAVES,False,c096e7881b44c0b64417035d94d606aa06c90541ab464b3b4d484be6cb840151,f542b585fe5b0a062b10509274a0b65d93397df5d4481ef7d221602ec681f6f0,822,1162,scab_leaves_03.jpg,True,folder_derived_unverified,,Thumbnail screening; no pathogen diagnosis or absence-of-disease confirmation.,candidate_pending_label_verification,
K227,SCAB LEAVES/4007.jpg.jpeg,SCAB LEAVES,False,0de5e60e4a9d86800fd0e84aa6d8c906a895e6e9b0008af16324091e04195777,cb5faf352d9b848e0170a4be46e1c2dc2a977028898314ee4590f0c1554bb1e1,669,1024,scab_leaves_04.jpg,True,folder_derived_unverified,,Thumbnail screening; no pathogen diagnosis or absence-of-disease confirmation.,candidate_pending_label_verification,
K228,SCAB LEAVES/4009.jpg.jpeg,SCAB LEAVES,False,ce1730c934b677dd3a858dd2100ebdf09d3621207301c7e8294cc28b093dbef5,c657b7958ef5d9c2e6fde59ec285e4b9a3abe216c69c0f608f9b44504412f01a,614,955,scab_leaves_04.jpg,True,folder_derived_unverified,,Thumbnail screening; no pathogen diagnosis or absence-of-disease confirmation.,exclude_conflicting_folder_labels,G05
K229,SCAB LEAVES/4010.jpg.jpeg,SCAB LEAVES,False,21c112fffc0b6ce6a15f9e024ff084952b13deb3dc60802db6c9820be221b68d,b9f71321b1a7d4a40184d068ba32ef6dcb67df051e41b61b7ae0917cdff128fe,490,734,scab_leaves_04.jpg,True,folder_derived_unverified,,Thumbnail screening; no pathogen diagnosis or absence-of-disease confirmation.,exclude_conflicting_folder_labels,G06
K230,SCAB LEAVES/4013.jpg.jpeg,SCAB LEAVES,False,56131895dc6ea9d1cefe5e5117c836c6b206b8e43e4595b98ea7d2062d1c6411,75d92e59256d628872c9be246e6efaf32341b91b9b5abeb175e00287172add53,430,765,scab_leaves_04.jpg,True,folder_derived_unverified,,Thumbnail screening; no pathogen diagnosis or absence-of-disease confirmation.,exclude_conflicting_folder_labels,G07
K231,SCAB LEAVES/4014.jpg.jpeg,SCAB LEAVES,False,f2b45bf6d614a2a2ac1a1686f45242b5a084dd149368bffb1fe857f9120e8021,cc10e232bfcd348783a61057edd5d403b46aa19c091e7297e24bd457aa5c9857,368,771,scab_leaves_04.jpg,True,folder_derived_unverified,,Thumbnail screening; no pathogen diagnosis or absence-of-disease confirmation.,exclude_conflicting_folder_labels,G08
K232,SCAB LEAVES/4015.jpg.jpeg,SCAB LEAVES,False,0bd13072569a17a930ac2d2eefa309aabe41b1b5650448c7d88606c151e6140f,e2e687905a27215c9bc9a281b3c794955bc874388f908b0fd290b22145ffe7f2,487,1070,scab_leaves_04.jpg,True,folder_derived_unverified,,Thumbnail screening; no pathogen diagnosis or absence-of-disease confirmation.,exclude_conflicting_folder_labels,G09
K233,SCAB LEAVES/4016.jpg.jpeg,SCAB LEAVES,False,d89ec074342d4d9d2757b324bf1d66a1f69d1da7adeb501348e3d04849483491,dbc9db371954d2d35b2ef29591f9336ae582d3ec2695f5996c5ab21cc8dcee17,470,819,scab_leaves_04.jpg,True,folder_derived_unverified,,Thumbnail screening; no pathogen diagnosis or absence-of-disease confirmation.,exclude_conflicting_folder_labels,G10
K234,SCAB LEAVES/4017.jpg.jpeg,SCAB LEAVES,False,4938e8b6334cc80f73e2b8816cf13d7cacaf3bf25db56a1e6b4a7017cdb155fa,3a4c8cfc66a28e94418128c61031d5598f96e7135a6fef37c88622e3c434cdcf,753,1132,scab_leaves_04.jpg,True,folder_derived_unverified,,Thumbnail screening; no pathogen diagnosis or absence-of-disease confirmation.,candidate_pending_label_verification,
K235,SCAB LEAVES/4019.jpg.jpeg,SCAB LEAVES,False,431ba568e2398650cc446e14171f920dfb7659cbfd0a949cf3b0ea6f23b707e7,308a4a2d3798704e4de207b187c30360d6a47664ba9460d399260b33949589c5,460,744,scab_leaves_04.jpg,True,folder_derived_unverified,,Thumbnail screening; no pathogen diagnosis or absence-of-disease confirmation.,candidate_pending_label_verification,
K236,SCAB LEAVES/4020.jpg.jpeg,SCAB LEAVES,False,bcf9bec84a6c793959dbb663390501ee44a6a3047a9c96a790bf6f2b3494f1b4,21c5183ed825ea7c72852b9c54b241d6c17a20968df17f6689d1070bb56f6469,404,901,scab_leaves_04.jpg,True,folder_derived_unverified,,Thumbnail screening; no pathogen diagnosis or absence-of-disease confirmation.,candidate_pending_label_verification,
K237,SCAB LEAVES/4021.jpg.jpeg,SCAB LEAVES,False,14f4e505966cb23f24b8860ecb800699a2764514e83c8a78d39b617f3deed2e5,4c56b98df6b5e72b0e258dafbd289d36a6722acd606bfdb1b9c7c3a25bfac4fd,360,925,scab_leaves_04.jpg,True,folder_derived_unverified,,Thumbnail screening; no pathogen diagnosis or absence-of-disease confirmation.,candidate_pending_label_verification,
K238,SCAB LEAVES/4022.jpg.jpeg,SCAB LEAVES,False,49193d7f19a9c01496ebda2a2de5f8fd2062b8317c697a4af66469ed5e0a92d1,69d47c3e3c87f2c85119e8ffeb2554c86004f5051f734007c49fd4546c3076cb,399,839,scab_leaves_04.jpg,True,folder_derived_unverified,,Thumbnail screening; no pathogen diagnosis or absence-of-disease confirmation.,candidate_pending_label_verification,
K239,SCAB LEAVES/4023.jpg.jpeg,SCAB LEAVES,False,874721db117db6da9ec820104b5352d610b5c403f6b85cf8aead78d16548cb6a,c8e6dc460b69e0a9a9520f578ad5787d6e26127776523cce90212fcdd2420875,344,748,scab_leaves_04.jpg,True,folder_derived_unverified,,Thumbnail screening; no pathogen diagnosis or absence-of-disease confirmation.,candidate_pending_label_verification,
K240,SCAB LEAVES/4024.jpg.jpeg,SCAB LEAVES,False,1d6f9e22bb755eadad2f7ca3b3b958a759620d8ce1af53af273a7aa028d5bedc,2a8180859ed1bd5bb64cf9ac06c13c0b7e6a73ace305fbe6b413d8bdfc42415e,237,755,scab_leaves_04.jpg,True,folder_derived_unverified,,Thumbnail screening; no pathogen diagnosis or absence-of-disease confirmation.,candidate_pending_label_verification,
K241,SCAB LEAVES/4025.jpg.jpeg,SCAB LEAVES,False,393ae0034097dbcd51260c1c6f19ae23db73193527f2a6b0ab2e68383946cfc9,2a1a61b1fabfec1c5438de32e94adbdb5c924cd4defe9ede6090e15d29be25d4,336,828,scab_leaves_04.jpg,True,folder_derived_unverified,,Thumbnail screening; no pathogen diagnosis or absence-of-disease confirmation.,candidate_pending_label_verification,
K242,SCAB LEAVES/4030.jpg.jpeg,SCAB LEAVES,False,4b93936d901ef3ee344a0ae793d9a65b3393beff59e519dfddf52b1d146d6128,9c7e05ef6368171f2c6a4151d388251bff8b8bbd715ec321a548e6f49e477690,529,827,scab_leaves_04.jpg,True,folder_derived_unverified,,Thumbnail screening; no pathogen diagnosis or absence-of-disease confirmation.,candidate_pending_label_verification,
K243,SCAB LEAVES/4033.jpg.jpeg,SCAB LEAVES,False,35fd032ccf222a31519d481a287eba867c20d8c4549918ee5cfbce7ca1b50389,6ead0c330a35e17262596625af3c71e0440d0c0f37a8fcc7e43ac2abd12a5259,538,759,scab_leaves_04.jpg,True,folder_derived_unverified,,Thumbnail screening; no pathogen diagnosis or absence-of-disease confirmation.,candidate_pending_label_verification,
K244,SCAB LEAVES/4044.jpg.jpeg,SCAB LEAVES,False,c5a2635a6593d1eaaac8268619fa7fa4fc8ae7504b01c761790b5faab1609178,eec676a36c14419badf84fdaeddb7c55138c87cfc70cf5f76dc099e31ff899bb,215,607,scab_leaves_04.jpg,True,folder_derived_unverified,,Thumbnail screening; no pathogen diagnosis or absence-of-disease confirmation.,candidate_pending_label_verification,
K245,SCAB LEAVES/4045.jpg.jpeg,SCAB LEAVES,False,311879efed0ad11e4df46f60bf1ea5266e186f28be87bd248d681ff151d1e68f,0b768cef618337b7ad2b039158b0e9b148a90d017252fe8937a21845dd2a9828,385,784,scab_leaves_04.jpg,True,folder_derived_unverified,,Thumbnail screening; no pathogen diagnosis or absence-of-disease confirmation.,candidate_pending_label_verification,
K246,SCAB LEAVES/4046.jpg.jpeg,SCAB LEAVES,False,45137a043af9f798856279fc5196f42e0e86a63bfb191963d3c9cf9fa5cf6644,74e0151da9fdd6cfa6157c817401baf5f21d4362561584d5f6ce3a3d3d49cace,268,824,scab_leaves_04.jpg,True,folder_derived_unverified,,Thumbnail screening; no pathogen diagnosis or absence-of-disease confirmation.,candidate_pending_label_verification,
K247,SCAB LEAVES/4047.jpg.jpeg,SCAB LEAVES,False,035cf4dcafb467964c77b337e55f2c37df210855c7463b58d90749d26bc7c0eb,16b337698cfd7f70d35ab6d5da34dd4c66e7053efd6af7c945e585d43004a2bb,326,637,scab_leaves_04.jpg,True,folder_derived_unverified,,Thumbnail screening; no pathogen diagnosis or absence-of-disease confirmation.,candidate_pending_label_verification,
K248,SCAB LEAVES/4051.jpg.jpeg,SCAB LEAVES,False,df790991fc7b70ca9069ce6047e404eab10bfe9634c163560ccf6240b533e5e0,02b16bacbd3617c15ca8b8eae5139aaf43bd6e80456839ce3a5b9ef74917c74a,320,606,scab_leaves_04.jpg,True,folder_derived_unverified,,Thumbnail screening; no pathogen diagnosis or absence-of-disease confirmation.,candidate_pending_label_verification,
K249,SCAB LEAVES/4052.jpg.jpeg,SCAB LEAVES,False,e6e63f13e9eb5ecdc743e9f1d50457c20a8612bd9f5a97619fc35023d3e15847,6dd841303937c4055fced87e6a68018602e9ca503b73542b990ed592d72bc04c,260,512,scab_leaves_04.jpg,True,folder_derived_unverified,,Thumbnail screening; no pathogen diagnosis or absence-of-disease confirmation.,candidate_pending_label_verification,
K250,SCAB LEAVES/4053.jpg.jpeg,SCAB LEAVES,False,a01ff8cb13d1c382a7a0cfb83f653d720babf511a4f4d02fcfb197b944828f14,8014d6e408d7a8656db790e5892cbb2113adab7fea18a1a80619fb9b2ec30665,295,499,scab_leaves_04.jpg,True,folder_derived_unverified,,Thumbnail screening; no pathogen diagnosis or absence-of-disease confirmation.,candidate_pending_label_verification,
K251,SCAB LEAVES/4059.jpg.jpeg,SCAB LEAVES,False,ea7a9ace06f46ae82ce65c3a5f77221a5793bf88eaa262bda892e1e6f868b2c6,094d626d9c23176ecd2d4a171bbd8e066760938d9a284ac00b257795984e1562,276,359,scab_leaves_05.jpg,True,folder_derived_unverified,,Thumbnail screening; no pathogen diagnosis or absence-of-disease confirmation.,candidate_pending_label_verification,
K252,SCAB LEAVES/4060.jpg.jpeg,SCAB LEAVES,False,31aae26c475ee25ca961011e659ae1c6de2e50d5e64bd1a5c73c0001c3dc3eae,b1a5fefeb019b630fcb0d3a828f59f51e8e2cdd2fde213ec302363ef32b294f8,292,541,scab_leaves_05.jpg,True,folder_derived_unverified,,Thumbnail screening; no pathogen diagnosis or absence-of-disease confirmation.,candidate_pending_label_verification,
K253,SCAB LEAVES/4062.jpg.jpeg,SCAB LEAVES,False,1f3011edae615b38c6a356a17eda9868412c1976b3188f783d0048945c333505,e0257ed268971da047af9dc50d15023a1d92403e37153693d3835b1b1520e507,260,360,scab_leaves_05.jpg,True,folder_derived_unverified,,Thumbnail screening; no pathogen diagnosis or absence-of-disease confirmation.,candidate_pending_label_verification,
K254,SCAB LEAVES/4063.jpg.jpeg,SCAB LEAVES,False,c2751db3699108983f79e301586ea9df991ad9eadd8980adc29baf3a908bc42a,2afdc188004d2947791927fa99c8a4ec021f5d3d7f3053c804ef5bfcce84a035,252,560,scab_leaves_05.jpg,True,folder_derived_unverified,,Thumbnail screening; no pathogen diagnosis or absence-of-disease confirmation.,candidate_pending_label_verification,
K255,SCAB LEAVES/4064.jpg.jpeg,SCAB LEAVES,False,17cef2df7af75b1f485ca7a94899ead43a4daecb2e27b0b2c5de4a46380339b1,405c3937361731006fbaef20046df94b5bd7a956cb95426f1101d7417af3c762,273,738,scab_leaves_05.jpg,True,folder_derived_unverified,,Thumbnail screening; no pathogen diagnosis or absence-of-disease confirmation.,candidate_pending_label_verification,
K256,SCAB LEAVES/4066.jpg.jpeg,SCAB LEAVES,False,6cd8ad13d8ad507a921379f79cee6ae485028ccdc4dccb0a160cc8a4f717e2b3,a735e521a4bec8fe93fbfcbacc590f11fb7fc6e294fa33dafa2bbe51479fe230,327,540,scab_leaves_05.jpg,True,folder_derived_unverified,,Thumbnail screening; no pathogen diagnosis or absence-of-disease confirmation.,candidate_pending_label_verification,
K257,SCAB LEAVES/4067.jpg.jpeg,SCAB LEAVES,False,3f90774014488cdd88bdfeeb2fe6936e7fbbfd88eca3aa264c8a479f1ad27718,21fd696743067428cc368e2773c6b673808ef680f00f1785ee030a7ba86598c7,364,556,scab_leaves_05.jpg,True,folder_derived_unverified,,Thumbnail screening; no pathogen diagnosis or absence-of-disease confirmation.,candidate_pending_label_verification,
K258,SCAB LEAVES/4069.jpg.jpeg,SCAB LEAVES,False,58bb3f0bc5d119ddd293477f26061650f98fa6cc14dd9e44dd26dab518086f5e,7266d0cca71c04e6018b25c4ca0e7c8b4bd265577ba1f0c8e019b9e9a5af13e5,323,512,scab_leaves_05.jpg,True,folder_derived_unverified,,Thumbnail screening; no pathogen diagnosis or absence-of-disease confirmation.,candidate_pending_label_verification,
K259,SCAB LEAVES/4070.jpg.jpeg,SCAB LEAVES,False,1cbbd8ecec0cad88fd24dbba0795d6a94bb58d40430553180f53e7618c1cc73f,b80bf2c071344b573d09bd9963e1587d61ce01bdc7932beb92a07d9254d76794,333,519,scab_leaves_05.jpg,True,folder_derived_unverified,,Thumbnail screening; no pathogen diagnosis or absence-of-disease confirmation.,candidate_pending_label_verification,
K260,SCAB LEAVES/4071.jpg.jpeg,SCAB LEAVES,False,e0652460ba8f0e341137756569f0f43b763d228e8d5e55012ddc62ad81207179,3e0aa5f47ee565df995ee7d59f3373fb3666d08175a32d4ed6391ac1c3670a51,245,473,scab_leaves_05.jpg,True,folder_derived_unverified,,Thumbnail screening; no pathogen diagnosis or absence-of-disease confirmation.,candidate_pending_label_verification,
K261,SCAB LEAVES/4076.jpg.jpeg,SCAB LEAVES,False,8e45a9e24819a2a71c120f6ad1261986a576963341a8975ffe41534e1d6991b0,c72089fc52634235f48a519f5530c3e6ac7a4db884ad49bcf0560ffcb3874a8c,328,635,scab_leaves_05.jpg,True,folder_derived_unverified,,Thumbnail screening; no pathogen diagnosis or absence-of-disease confirmation.,candidate_pending_label_verification,
K262,SCAB LEAVES/4077.jpg.jpeg,SCAB LEAVES,False,c90a661e10d84094a113b09b921b021ac09da2e33954914220e12c5721f94183,43f73af9cfaac0b735e6677bf35031844ad5eba17a383121e64f45316a48c119,351,696,scab_leaves_05.jpg,True,folder_derived_unverified,,Thumbnail screening; no pathogen diagnosis or absence-of-disease confirmation.,candidate_pending_label_verification,
K263,SCAB LEAVES/4078.jpg.jpeg,SCAB LEAVES,False,a7c1a6e9d56ccac2d7a663292ba437d73265b810199f11c1fa97114e6fa9f4e2,72b22009241a03e24583801c331ae36def2c29f53c251e9d40d3f3db95182ff2,262,599,scab_leaves_05.jpg,True,folder_derived_unverified,,Thumbnail screening; no pathogen diagnosis or absence-of-disease confirmation.,candidate_pending_label_verification,
K264,SCAB LEAVES/4081.jpg.jpeg,SCAB LEAVES,False,9c99146504c5834cb0a83f8476346efad4cc9e43d956aa1b3d766c3b456f46f3,e9a178419607dd2294b3acff1c76b188cf941608c2e5dc55cf078477ee666ec2,288,598,scab_leaves_05.jpg,True,folder_derived_unverified,,Thumbnail screening; no pathogen diagnosis or absence-of-disease confirmation.,candidate_pending_label_verification,
K265,SCAB LEAVES/4083.jpg.jpeg,SCAB LEAVES,False,97f074f45117c4b86aa75d2e137ad86e50f05ffe29f5e3ddac1b0f1fce2f78f9,0dfb18552ec903e1e6073eb3068d50b85b987ae50955bf3cca08e628b46d3d65,281,584,scab_leaves_05.jpg,True,folder_derived_unverified,,Thumbnail screening; no pathogen diagnosis or absence-of-disease confirmation.,candidate_pending_label_verification,
K266,SCAB LEAVES/4086.jpg.jpeg,SCAB LEAVES,False,7d4f0d1974180f88e44d7ddfec6332614c87663588c7b4fb67aed21f11558e1e,5fb09bc5ec8d5b6f288755a9fd6d19ade8422e38841d6ff222ef79b3e2d7d387,255,552,scab_leaves_05.jpg,True,folder_derived_unverified,,Thumbnail screening; no pathogen diagnosis or absence-of-disease confirmation.,candidate_pending_label_verification,
K267,SCAB LEAVES/4087.jpg.jpeg,SCAB LEAVES,False,d6ec265690c9ac7766e0bfc2e29bdc317385123ee4be867b65132dc6b9f9be17,f214f4c77df9be3952a92b2cab8fd605001a5f84a3aa2c22815d7976b1895a05,250,604,scab_leaves_05.jpg,True,folder_derived_unverified,,Thumbnail screening; no pathogen diagnosis or absence-of-disease confirmation.,candidate_pending_label_verification,
K268,SCAB LEAVES/4097.jpg.jpeg,SCAB LEAVES,False,edf80e33971d4aedb80aeeb8391e88d80ac0cde3ec0fe1408285bf7552122295,87c8b64d7843a2d0aac466b82732aafd63ae03773d1159ffbbe425fdbc774610,262,371,scab_leaves_05.jpg,True,folder_derived_unverified,,Thumbnail screening; no pathogen diagnosis or absence-of-disease confirmation.,candidate_pending_label_verification,
K269,SCAB LEAVES/4098.jpg.jpeg,SCAB LEAVES,False,3196b949546ba3692c40784d4afd7a599acde4392804b780cec4c3732549f62b,67c4c04c8bc2b1525b3041bb22672a28e9f4d514b330f23086ba7a1b7b66c529,262,372,scab_leaves_05.jpg,True,folder_derived_unverified,,Thumbnail screening; no pathogen diagnosis or absence-of-disease confirmation.,candidate_pending_label_verification,
K270,SCAB LEAVES/4099.jpg.jpeg,SCAB LEAVES,False,f417f64c962df14ab8373a1739de027ecb8e09e747835bd8fd42437637013826,8ca8226964d0bd0021c8c6860a05fb2faa0a2f04e54717ecb539453791929388,296,482,scab_leaves_05.jpg,True,folder_derived_unverified,,Thumbnail screening; no pathogen diagnosis or absence-of-disease confirmation.,candidate_pending_label_verification,
K271,SCAB LEAVES/5001.jpg.jpeg,SCAB LEAVES,False,a9a4bb3dbea92133bee262c98ba12ee837494628b8f3fb2430f4c980b3088351,975a8b28a94cdb15bd1b5c8e04d3280a1cb1ad98097f23ae969b27a62b75107b,260,386,scab_leaves_05.jpg,True,folder_derived_unverified,,Thumbnail screening; no pathogen diagnosis or absence-of-disease confirmation.,candidate_pending_label_verification,
K272,SCAB LEAVES/5002.jpg.jpeg,SCAB LEAVES,True,ef5bdb7787bb0eabd7d7076dec1c35e1b6b1a424c9cf699436f2bd962fcd6ed9,5b1e71f73c35344067544508a0c9a52c489f77032ad9d50a0ea0f058a065bb68,242,554,scab_leaves_05.jpg,True,folder_derived_unverified,,Thumbnail screening; no pathogen diagnosis or absence-of-disease confirmation.,candidate_pending_label_verification,
K273,SCAB LEAVES/5005.jpg.jpeg,SCAB LEAVES,True,e5403c232d96148d56bb8ab8907241347896b0a1fac5ffe94a251dd3e123e667,2b57e5f0e7bc5a7cc375daefa2a48dd6312186583b489ba3a6fa1efbd0ed0479,329,557,scab_leaves_05.jpg,True,folder_derived_unverified,,Thumbnail screening; no pathogen diagnosis or absence-of-disease confirmation.,candidate_pending_label_verification,
K274,SCAB LEAVES/5006.jpg.jpeg,SCAB LEAVES,True,38404fe54d0f2214d1bf2bf4c204c0d0f6d36f7b2954a0993d46f50fd31ad426,bf948651dc50ee5e97933aed63890ec98c685714c8592992edce8b09566ed940,367,555,scab_leaves_05.jpg,True,folder_derived_unverified,,Thumbnail screening; no pathogen diagnosis or absence-of-disease confirmation.,candidate_pending_label_verification,
K275,SCAB LEAVES/5008.jpg.jpeg,SCAB LEAVES,True,490e1992a4ca0724ab1706e4480638c694bf0c3a12c230e00d391472809250bb,e1fa479b82d374472aeaf3a83ad94b6f7a2ba97a3fc6bf5276a450d66cc3c56d,330,524,scab_leaves_06.jpg,True,folder_derived_unverified,,Thumbnail screening; no pathogen diagnosis or absence-of-disease confirmation.,candidate_pending_label_verification,
K276,SCAB LEAVES/5010.jpg.jpeg,SCAB LEAVES,True,a3237447fb23b12bc83e431f88faa136d3e1176c004cd59ee8a8f25ebf3d9d15,7ab4d758bdcf02b2fb069b8ae6996b578ddc4d4ca320663c70ea75e001179bca,328,527,scab_leaves_06.jpg,True,folder_derived_unverified,,Thumbnail screening; no pathogen diagnosis or absence-of-disease confirmation.,candidate_pending_label_verification,
K277,SCAB LEAVES/5011.jpg.jpeg,SCAB LEAVES,True,670f7aea67fb8f0a4c3bc3a103d423ac6ee09c313249288721a05ec8ffca7fda,16163f27c8d5ed005367cda7fc9eca889d71de88ecd1919d213939d7a9911d0b,249,479,scab_leaves_06.jpg,True,folder_derived_unverified,,Thumbnail screening; no pathogen diagnosis or absence-of-disease confirmation.,candidate_pending_label_verification,
K278,SCAB LEAVES/5012.jpg.jpeg,SCAB LEAVES,True,6a83aff8df9b3ca6a51edad1251863280b79bc0680a3239496189943f2ea6629,35e4e7f5f2910d98477eb8c7d198d9775d943df716974dab29d28106c9df09f8,316,538,scab_leaves_06.jpg,True,folder_derived_unverified,,Thumbnail screening; no pathogen diagnosis or absence-of-disease confirmation.,exclude_conflicting_folder_labels,G11
K279,SCAB LEAVES/5015.jpg.jpeg,SCAB LEAVES,True,726cd9cd60f6c4deff27461dfe500604d4d9fb3ba31a393496746e73ae7e7869,12fd4f894dedb7060ed95390914c0d01fdba7f273fcd8f03e7443caab2fea239,322,557,scab_leaves_06.jpg,True,folder_derived_unverified,,Thumbnail screening; no pathogen diagnosis or absence-of-disease confirmation.,exclude_conflicting_folder_labels,G11
K280,SCAB LEAVES/5016.jpg.jpeg,SCAB LEAVES,True,3932352eafd020c2559e6a9dce689d9f82b677ec3a50261c626797e1e31d3bb8,f10fab80beb9ec46be8e65c2903c241e281c319e353ca03d315376ccd7b23a8e,322,633,scab_leaves_06.jpg,True,folder_derived_unverified,,Thumbnail screening; no pathogen diagnosis or absence-of-disease confirmation.,candidate_pending_label_verification,
K281,SCAB LEAVES/5017.jpg.jpeg,SCAB LEAVES,True,d94274639a9f99ffd489ea9a04109045a91c80186c430be0aeb82cb458af80e4,1a3f6c2a3638f3a06fb3d60f97572653b7bc6b3496ca89072a6dd34977a29b95,369,688,scab_leaves_06.jpg,True,folder_derived_unverified,,Thumbnail screening; no pathogen diagnosis or absence-of-disease confirmation.,candidate_pending_label_verification,
K282,SCAB LEAVES/5037.jpg.jpeg,SCAB LEAVES,True,c18ed1602daf78451cba1e87287dea071e16b8c60693493f610fe6ff982eb6f1,73a0f5de336fac5e89326093423a1dd4f953a4230c26f84ae987515d92b1baa8,192,374,scab_leaves_06.jpg,True,folder_derived_unverified,,Thumbnail screening; no pathogen diagnosis or absence-of-disease confirmation.,candidate_pending_label_verification,
K283,SCAB LEAVES/5038.jpg.jpeg,SCAB LEAVES,True,95737eb69c1daf17047f9e1db0085aa9ad39f6eedd0ddf8c0841dcea0536f734,361b3d7c04fd67534fda66e8d356754cadf5cf265f6f23512d024573c8ee7ad4,172,294,scab_leaves_06.jpg,True,folder_derived_unverified,,Thumbnail screening; no pathogen diagnosis or absence-of-disease confirmation.,candidate_pending_label_verification,
K284,SCAB LEAVES/5040.jpg.jpeg,SCAB LEAVES,True,0b906591d4231d4817a9b516ea62fea24d322d8005c0fb9a4501e43cbf2d6bcf,3c9f90740c01bad445c3ebe1ec79d9a1149f1ae06b2e7256d69e175f24192e0a,227,433,scab_leaves_06.jpg,True,folder_derived_unverified,,Thumbnail screening; no pathogen diagnosis or absence-of-disease confirmation.,candidate_pending_label_verification,
K285,SCAB LEAVES/5041.jpg.jpeg,SCAB LEAVES,True,54dbecc9e7411de928126ded4df413af534186a79051fd501dcac10225820dc9,71ffcec583e5e112f769f70d6c093c2afc6d612715cad2918be101f0a70300c3,187,441,scab_leaves_06.jpg,True,folder_derived_unverified,,Thumbnail screening; no pathogen diagnosis or absence-of-disease confirmation.,candidate_pending_label_verification,
K286,SCAB LEAVES/5042.jpg.jpeg,SCAB LEAVES,True,3246673cdee1ec7fa123874f388cbbafe841b17a46a0eee730581b1943808e57,32dac7ca9d9f1d56cf971491655b3eb4912a4f037245892f341241228c8f3102,176,368,scab_leaves_06.jpg,True,folder_derived_unverified,,Thumbnail screening; no pathogen diagnosis or absence-of-disease confirmation.,candidate_pending_label_verification,
K287,SCAB LEAVES/5044.jpg.jpeg,SCAB LEAVES,True,9c26eb63f60510a12eee3f82deb8f761b00c525c2fc77ec33f6f217e4281ce7a,e8ccb38d0909fa7d692694c882818379ffa32b8c086ee95c9f5a965f3501f7ce,257,406,scab_leaves_06.jpg,True,folder_derived_unverified,,Thumbnail screening; no pathogen diagnosis or absence-of-disease confirmation.,candidate_pending_label_verification,
K288,SCAB LEAVES/5045.jpg.jpeg,SCAB LEAVES,True,117ff2049369b238dd06f32185d7d4842d04c3663edc6b75cfabfc1a76d20a51,50b2721c181da46fe9a7d1fb03b6c85310c3dffce2abbb66b7e58d325dc6cb48,231,398,scab_leaves_06.jpg,True,folder_derived_unverified,,Thumbnail screening; no pathogen diagnosis or absence-of-disease confirmation.,candidate_pending_label_verification,
K289,SCAB LEAVES/5046.jpg.jpeg,SCAB LEAVES,True,4fd11408fccf57f01eef61a17189ec9dd41efee2405d938724d097a59ba25512,ea1eb91776ac8f8b1bc61552c83fc34c1adc18d2045840759e5740a8408eb73a,261,458,scab_leaves_06.jpg,True,folder_derived_unverified,,Thumbnail screening; no pathogen diagnosis or absence-of-disease confirmation.,candidate_pending_label_verification,
K290,SCAB LEAVES/5047.jpg.jpeg,SCAB LEAVES,True,e18a5d6828ae1bd1f76a895bf6261af94ff73a0d8775663d642a51727b5efc4b,f5047c122f55f0c5f9a3e62794e674946b604f20a5a5d467feac7fa51247b2ed,310,656,scab_leaves_06.jpg,True,folder_derived_unverified,,Thumbnail screening; no pathogen diagnosis or absence-of-disease confirmation.,candidate_pending_label_verification,
K291,SCAB LEAVES/5050.jpg.jpeg,SCAB LEAVES,True,87fcd3f7e906ad2ed5bedbd6bd0ebb3ef81fc2cb95b4408a10a6c2030d49ebec,9e3f1b4bbfd4b25f2b4f3947f4237585ce794c5a5c64e8479b3f42102a04377c,253,417,scab_leaves_06.jpg,True,folder_derived_unverified,,Thumbnail screening; no pathogen diagnosis or absence-of-disease confirmation.,candidate_pending_label_verification,
K292,SCAB LEAVES/5051.jpg.jpeg,SCAB LEAVES,True,69747e862ac78f965dbc32677d5126cc6d52531a313a35b4d3ce0c0ea9724ce5,87bacce28420c5b7c76405fb1b25ecc96415f2d3d5c195a52e6d387b02e63cb5,317,589,scab_leaves_06.jpg,True,folder_derived_unverified,,Thumbnail screening; no pathogen diagnosis or absence-of-disease confirmation.,candidate_pending_label_verification,
K293,SCAB LEAVES/5052.jpg.jpeg,SCAB LEAVES,True,1cc99d8e76f569be699ff1232d205d0bd5cb3ce7912734a026a398d473a76cd8,fc1cb2e3dc80a559153b9ebdfc452e96c6d96abad5117c44365eda7f1dd6d824,269,365,scab_leaves_06.jpg,True,folder_derived_unverified,,Thumbnail screening; no pathogen diagnosis or absence-of-disease confirmation.,candidate_pending_label_verification,
K294,SCAB LEAVES/5053.jpg.jpeg,SCAB LEAVES,True,cb09a42452ee55a6d91af7d71e5beb0a1cd8c53d77a8c02035580cdb7e1ebe7a,f80afdea702f6e8a3309cd0f6ca60809531faaeb105a22ccbdc9789e57c0a0df,202,421,scab_leaves_06.jpg,True,folder_derived_unverified,,Thumbnail screening; no pathogen diagnosis or absence-of-disease confirmation.,candidate_pending_label_verification,
K295,SCAB LEAVES/5058.jpg.jpeg,SCAB LEAVES,True,78d9cb40bdec088c194e1672aba9e819c8d050f28f12e25c965dfa47872224dd,62ca2b8204fc8acde8d0edad1b4eae0fb456e80ce4896795f6e49fd5095d31a3,273,421,scab_leaves_06.jpg,True,folder_derived_unverified,,Thumbnail screening; no pathogen diagnosis or absence-of-disease confirmation.,candidate_pending_label_verification,
K296,SCAB LEAVES/5065.jpg.jpeg,SCAB LEAVES,True,419d42d279eef54d709463f3f14abf14b7f7f2043f79ac7940f7e270af0189e5,5a3b2ecbe3d1c2a46feb68316df78cd1893423e53840755174e608d51423ab87,227,398,scab_leaves_06.jpg,True,folder_derived_unverified,,Thumbnail screening; no pathogen diagnosis or absence-of-disease confirmation.,candidate_pending_label_verification,
K297,SCAB LEAVES/5068.jpg.jpeg,SCAB LEAVES,True,cc330a6ffa4d9f5551be8d8715265f10041c2a633d7ec41803e591dd5249ef0f,a9b0942a614eb0877e2c3e3fee0b3f8b034f35ea587a7babe6a286cdc108ac65,310,678,scab_leaves_06.jpg,True,folder_derived_unverified,,Thumbnail screening; no pathogen diagnosis or absence-of-disease confirmation.,candidate_pending_label_verification,
K298,SCAB LEAVES/5069.jpg.jpeg,SCAB LEAVES,True,fd981d118fd0ca19e3ad7afe6e88f709ba7ed352a164435cb4c7d4bdc5dc7fa5,fc2351f8a0728b888e5c757b0a0dcb95271f186da4f2a1249ea3d512254f76cf,318,549,scab_leaves_06.jpg,True,folder_derived_unverified,,Thumbnail screening; no pathogen diagnosis or absence-of-disease confirmation.,candidate_pending_label_verification,
K299,SCAB LEAVES/5070.jpg.jpeg,SCAB LEAVES,True,267922689b148a6f6d581cf9e1f0cbecac8434db470aa2123022e4c91d99cb8e,3d06d0adee90cde33387a0b1fc90e41321cef4c9049b44ca44961b76775b8fd1,232,537,scab_leaves_07.jpg,True,folder_derived_unverified,,Thumbnail screening; no pathogen diagnosis or absence-of-disease confirmation.,candidate_pending_label_verification,
K300,SCAB LEAVES/5076.jpg.jpeg,SCAB LEAVES,True,f50570e5b0e483591019647ce5a91d35d66a062129b04dacb0aad3dfb65f0deb,802cacb453c34b44cda4fbf42e5722d59170811f8b3101976b6924bd5a973cc5,292,623,scab_leaves_07.jpg,True,folder_derived_unverified,,Thumbnail screening; no pathogen diagnosis or absence-of-disease confirmation.,candidate_pending_label_verification,
K301,SCAB LEAVES/5078.jpg.jpeg,SCAB LEAVES,True,9ea98958511402ce42634d4f6104885ba1d2f694aeb2dc9eff27bd0ebcb47136,4194a89cd4e6d2e4ee7e836f08f48da9539b131df6980e2a7c7440247d7d0c2d,201,513,scab_leaves_07.jpg,True,folder_derived_unverified,,Thumbnail screening; no pathogen diagnosis or absence-of-disease confirmation.,candidate_pending_label_verification,
K302,SCAB LEAVES/5082.jpg.jpeg,SCAB LEAVES,True,5b901c71d33fa9c4a050c1d604413e204c8116fbfbe42ea42f299bbb2b48889b,06d5d8ad913734c7180529f0ec21ca1d9d34a75e8a650c05fd3419d61e01220c,242,491,scab_leaves_07.jpg,True,folder_derived_unverified,,Thumbnail screening; no pathogen diagnosis or absence-of-disease confirmation.,candidate_pending_label_verification,
K303,SCAB LEAVES/5084.jpg.jpeg,SCAB LEAVES,True,dfcd36ba3ca4ff9bb7c219f1a8e674aee0519c90ccaaebd05c5757b53063b358,3735eaf661f3ad091cf11fd7bcc65b1239d2d6808af19eca7634d75c18e8e69c,286,425,scab_leaves_07.jpg,True,folder_derived_unverified,,Thumbnail screening; no pathogen diagnosis or absence-of-disease confirmation.,candidate_pending_label_verification,
K304,SCAB LEAVES/5086.jpg.jpeg,SCAB LEAVES,True,f82d3ff5c6ced9717b52dbbbcd84e9418d74078546664319896ed33a7277cdf3,a08629b91ffc910a741c36b087e5be85654836e6549124b66d8729a1f3e7570c,225,432,scab_leaves_07.jpg,True,folder_derived_unverified,,Thumbnail screening; no pathogen diagnosis or absence-of-disease confirmation.,candidate_pending_label_verification,
K305,SCAB LEAVES/5087.jpg.jpeg,SCAB LEAVES,True,f914b62f9ba3740671f5ed3c62ceecede368600699069483a7b68b5dd36de83f,249656445f3b44ae8e7dd015909e862d23611bd6a4ab30b5f278eb537b372a61,230,372,scab_leaves_07.jpg,True,folder_derived_unverified,,Thumbnail screening; no pathogen diagnosis or absence-of-disease confirmation.,candidate_pending_label_verification,
K306,SCAB LEAVES/5089.jpg.jpeg,SCAB LEAVES,True,e0b7027d7fc65c017496e2ee731e0175ad50b88703599259812dc05cbb87d35c,8547dc508495cf36e5cef7b3b8829a4c7e948598641764c84062aff220244307,245,437,scab_leaves_07.jpg,True,folder_derived_unverified,,Thumbnail screening; no pathogen diagnosis or absence-of-disease confirmation.,candidate_pending_label_verification,
K307,SCAB LEAVES/5090.jpg.jpeg,SCAB LEAVES,True,762a83850a7354711efe207c1ba7dafa11c35dc9c77c4d85a95043582d766713,442f00756ca988f0748483788c8dba7222a8b3df80c9ee279a15a9e625cf4f87,293,559,scab_leaves_07.jpg,True,folder_derived_unverified,,Thumbnail screening; no pathogen diagnosis or absence-of-disease confirmation.,candidate_pending_label_verification,
K308,SCAB LEAVES/5091.jpg.jpeg,SCAB LEAVES,True,5d86b50824eaf23a1b446518741d276d9e57d4a00350ef8444a81cc5c8af1005,304e53b19d2fdc6bd799e7e15d274c57ef611593e71695d4e5f45524c7fb74f6,282,386,scab_leaves_07.jpg,True,folder_derived_unverified,,Thumbnail screening; no pathogen diagnosis or absence-of-disease confirmation.,candidate_pending_label_verification,
K309,SCAB LEAVES/5092.jpg.jpeg,SCAB LEAVES,True,187e127299e1c69135ad562022189f12e6f776079b9c289aab2ffbaba04dc5e7,4671f7163b62497de398ad742acbaa49c12642ac4f23a8a7c5d4d1e483f60479,310,503,scab_leaves_07.jpg,True,folder_derived_unverified,,Thumbnail screening; no pathogen diagnosis or absence-of-disease confirmation.,candidate_pending_label_verification,
K310,SCAB LEAVES/5093.jpg.jpeg,SCAB LEAVES,True,53d3ddafb4a04c0f3046198ec827653b93284d2666c4b738bada508e7f0cbdb3,46c4460d71166c7d61f193ab6063737c21a4539c867c3c24f41a1f9bd8679fea,361,524,scab_leaves_07.jpg,True,folder_derived_unverified,,Thumbnail screening; no pathogen diagnosis or absence-of-disease confirmation.,candidate_pending_label_verification,
K311,SCAB LEAVES/5095.jpg.jpeg,SCAB LEAVES,True,a662b270552e27651a0a160239f0803f1601efb44e8120728866cb12c897375f,06ef801cb77c9f0b37c79c4d38f4a9cdb7386651f48be22471b6923e853d90b7,320,524,scab_leaves_07.jpg,True,folder_derived_unverified,,Thumbnail screening; no pathogen diagnosis or absence-of-disease confirmation.,candidate_pending_label_verification,
K312,SCAB LEAVES/5098.jpg.jpeg,SCAB LEAVES,True,e55f2e75a75c061ffec2db5367a1af17ab4ac70f1d5352d0f1b387c4fcbf6009,7a6e28da4d81ae6833c367859b9d7384b828f69d4b86da792c240c4d5ebc202a,731,955,scab_leaves_07.jpg,True,folder_derived_unverified,,Thumbnail screening; no pathogen diagnosis or absence-of-disease confirmation.,candidate_pending_label_verification,
K313,SCAB LEAVES/5099.jpg.jpeg,SCAB LEAVES,True,7926327d9c802839b09b655f83c7ebc5d67153d52fbd1d66e4e0c58a18c5ae46,91ea1917f44f344af076bf68a19ded39f5401bf6759bb8f626d9c53f1e5b4f3e,617,931,scab_leaves_07.jpg,True,folder_derived_unverified,,Thumbnail screening; no pathogen diagnosis or absence-of-disease confirmation.,exclude_conflicting_folder_labels,G05
